-- --------------------------------------------------------
-- Host:                         127.0.0.1
-- Server version:               8.0.30 - MySQL Community Server - GPL
-- Server OS:                    Win64
-- HeidiSQL Version:             12.1.0.6537
-- --------------------------------------------------------

/*!40101 SET @OLD_CHARACTER_SET_CLIENT=@@CHARACTER_SET_CLIENT */;
/*!40101 SET NAMES utf8 */;
/*!50503 SET NAMES utf8mb4 */;
/*!40103 SET @OLD_TIME_ZONE=@@TIME_ZONE */;
/*!40103 SET TIME_ZONE='+00:00' */;
/*!40014 SET @OLD_FOREIGN_KEY_CHECKS=@@FOREIGN_KEY_CHECKS, FOREIGN_KEY_CHECKS=0 */;
/*!40101 SET @OLD_SQL_MODE=@@SQL_MODE, SQL_MODE='NO_AUTO_VALUE_ON_ZERO' */;
/*!40111 SET @OLD_SQL_NOTES=@@SQL_NOTES, SQL_NOTES=0 */;

-- Dumping structure for table cl_jobboard.employers
DROP TABLE IF EXISTS `employers`;
CREATE TABLE IF NOT EXISTS `employers` (
  `id` bigint unsigned NOT NULL AUTO_INCREMENT,
  `company_name` varchar(255) COLLATE utf8mb4_unicode_ci NOT NULL,
  `user_id` bigint unsigned DEFAULT NULL,
  `created_at` timestamp NULL DEFAULT NULL,
  `updated_at` timestamp NULL DEFAULT NULL,
  PRIMARY KEY (`id`),
  KEY `employers_user_id_foreign` (`user_id`),
  CONSTRAINT `employers_user_id_foreign` FOREIGN KEY (`user_id`) REFERENCES `users` (`id`)
) ENGINE=InnoDB AUTO_INCREMENT=22 DEFAULT CHARSET=utf8mb4 COLLATE=utf8mb4_unicode_ci;

-- Dumping data for table cl_jobboard.employers: ~20 rows (approximately)
DELETE FROM `employers`;
INSERT INTO `employers` (`id`, `company_name`, `user_id`, `created_at`, `updated_at`) VALUES
	(1, 'Wehner, Medhurst and Hill', 14, '2023-06-27 00:13:56', '2023-06-27 00:13:56'),
	(2, 'Breitenberg Ltd', 11, '2023-06-27 00:13:56', '2023-06-27 00:13:56'),
	(3, 'Heidenreich Ltd', 35, '2023-06-27 00:13:56', '2023-06-27 00:13:56'),
	(4, 'Herzog, Bartell and Metz', 115, '2023-06-27 00:13:56', '2023-06-27 00:13:56'),
	(5, 'Bernhard, Carter and Nolan', 90, '2023-06-27 00:13:56', '2023-06-27 00:13:56'),
	(6, 'McGlynn-Schowalter', 174, '2023-06-27 00:13:56', '2023-06-27 00:13:56'),
	(7, 'Block LLC', 154, '2023-06-27 00:13:56', '2023-06-27 00:13:56'),
	(8, 'Medhurst, Robel and Stark', 54, '2023-06-27 00:13:56', '2023-06-27 00:13:56'),
	(9, 'Cole Ltd', 80, '2023-06-27 00:13:56', '2023-06-27 00:13:56'),
	(10, 'Monahan, Tremblay and Stoltenberg', 173, '2023-06-27 00:13:56', '2023-06-27 00:13:56'),
	(11, 'Abernathy Inc', 82, '2023-06-27 00:13:56', '2023-06-27 00:13:56'),
	(12, 'Krajcik and Sons', 86, '2023-06-27 00:13:56', '2023-06-27 00:13:56'),
	(13, 'King Group', 134, '2023-06-27 00:13:56', '2023-06-27 00:13:56'),
	(14, 'Howell Inc', 32, '2023-06-27 00:13:56', '2023-06-27 00:13:56'),
	(15, 'Gorczany, Funk and Muller', 56, '2023-06-27 00:13:56', '2023-06-27 00:13:56'),
	(16, 'Padberg, Schumm and Padberg', 89, '2023-06-27 00:13:56', '2023-06-27 00:13:56'),
	(17, 'Cummings Group', 168, '2023-06-27 00:13:56', '2023-06-27 00:13:56'),
	(18, 'Lockman-Corwin', 87, '2023-06-27 00:13:56', '2023-06-27 00:13:56'),
	(19, 'Bradtke, Runolfsdottir and Roberts', 19, '2023-06-27 00:13:56', '2023-06-27 00:13:56'),
	(20, 'Jacobi-Feeney', 175, '2023-06-27 00:13:56', '2023-06-27 00:13:56'),
	(21, 'Visible One', 1, '2023-06-27 20:35:00', '2023-06-27 20:35:00');

-- Dumping structure for table cl_jobboard.failed_jobs
DROP TABLE IF EXISTS `failed_jobs`;
CREATE TABLE IF NOT EXISTS `failed_jobs` (
  `id` bigint unsigned NOT NULL AUTO_INCREMENT,
  `uuid` varchar(255) COLLATE utf8mb4_unicode_ci NOT NULL,
  `connection` text COLLATE utf8mb4_unicode_ci NOT NULL,
  `queue` text COLLATE utf8mb4_unicode_ci NOT NULL,
  `payload` longtext COLLATE utf8mb4_unicode_ci NOT NULL,
  `exception` longtext COLLATE utf8mb4_unicode_ci NOT NULL,
  `failed_at` timestamp NOT NULL DEFAULT CURRENT_TIMESTAMP,
  PRIMARY KEY (`id`),
  UNIQUE KEY `failed_jobs_uuid_unique` (`uuid`)
) ENGINE=InnoDB DEFAULT CHARSET=utf8mb4 COLLATE=utf8mb4_unicode_ci;

-- Dumping data for table cl_jobboard.failed_jobs: ~0 rows (approximately)
DELETE FROM `failed_jobs`;

-- Dumping structure for table cl_jobboard.jobs
DROP TABLE IF EXISTS `jobs`;
CREATE TABLE IF NOT EXISTS `jobs` (
  `id` bigint unsigned NOT NULL AUTO_INCREMENT,
  `title` varchar(255) COLLATE utf8mb4_unicode_ci NOT NULL,
  `description` text COLLATE utf8mb4_unicode_ci NOT NULL,
  `salary` int unsigned NOT NULL,
  `location` varchar(255) COLLATE utf8mb4_unicode_ci NOT NULL,
  `category` varchar(255) COLLATE utf8mb4_unicode_ci NOT NULL,
  `experience` enum('entry','intermediate','senior') COLLATE utf8mb4_unicode_ci NOT NULL,
  `created_at` timestamp NULL DEFAULT NULL,
  `updated_at` timestamp NULL DEFAULT NULL,
  `employer_id` bigint unsigned NOT NULL,
  PRIMARY KEY (`id`),
  KEY `jobs_employer_id_foreign` (`employer_id`),
  CONSTRAINT `jobs_employer_id_foreign` FOREIGN KEY (`employer_id`) REFERENCES `employers` (`id`)
) ENGINE=InnoDB AUTO_INCREMENT=103 DEFAULT CHARSET=utf8mb4 COLLATE=utf8mb4_unicode_ci;

-- Dumping data for table cl_jobboard.jobs: ~100 rows (approximately)
DELETE FROM `jobs`;
INSERT INTO `jobs` (`id`, `title`, `description`, `salary`, `location`, `category`, `experience`, `created_at`, `updated_at`, `employer_id`) VALUES
	(1, 'Substance Abuse Counselor', 'Id vel sequi repellendus illum. Mollitia placeat aut voluptates aut blanditiis eum dicta. Expedita a dolorum consequatur et.', 86845, 'New Nicholausstad', 'Sales', 'intermediate', '2023-06-27 00:13:56', '2023-06-27 00:13:56', 15),
	(2, 'Craft Artist', 'Cupiditate asperiores placeat ea occaecati. Repudiandae sunt quia id debitis ut. Totam ea non perferendis et eum. Vitae accusamus nisi praesentium ut alias voluptate perferendis.', 94757, 'North Llewellyn', 'Finance', 'entry', '2023-06-27 00:13:56', '2023-06-27 00:13:56', 6),
	(3, 'Infantry Officer', 'Autem vel occaecati numquam ad porro consequuntur vero. Voluptatibus et ut expedita eveniet sequi saepe.', 32288, 'East Lauren', 'Sales', 'entry', '2023-06-27 00:13:56', '2023-06-27 00:13:56', 20),
	(4, 'Veterinary Assistant OR Laboratory Animal Caretaker', 'Voluptas voluptates inventore ut quia. Ut distinctio beatae vero temporibus eum hic. Tempora porro exercitationem optio dignissimos. Veniam enim repellat qui voluptates tempore eveniet ut.', 112135, 'Lake Deonte', 'Customer Support', 'entry', '2023-06-27 00:13:56', '2023-06-27 00:13:56', 8),
	(5, 'Offset Lithographic Press Operator', 'Vero cum aut fuga debitis numquam ipsum. Iusto aut voluptate ut maxime.', 131919, 'Estrellafurt', 'Marketing', 'intermediate', '2023-06-27 00:13:56', '2023-06-27 00:13:56', 1),
	(6, 'Diesel Engine Specialist', 'Aut dolores doloremque et molestiae. Quis omnis modi rerum sapiente soluta. Est et tenetur autem dolor. Et ipsam cumque assumenda officiis non sit.', 10439, 'Edgardoland', 'Sales', 'entry', '2023-06-27 00:13:56', '2023-06-27 00:13:56', 20),
	(7, 'Driver-Sales Worker', 'Doloribus consequatur quia qui dolor. Distinctio molestias tenetur explicabo est mollitia sit. Voluptates quis illo dignissimos repellendus vero aut reiciendis officia.', 104249, 'East Blazemouth', 'Sales', 'intermediate', '2023-06-27 00:13:56', '2023-06-27 00:13:56', 12),
	(8, 'Agricultural Crop Worker', 'Voluptatem voluptatibus quidem quia distinctio aliquid. Laborum sed et non. Dolore quibusdam ut ratione explicabo ducimus. Ut pariatur est eum at deleniti aut qui.', 88537, 'Arvidberg', 'Marketing', 'intermediate', '2023-06-27 00:13:56', '2023-06-27 00:13:56', 14),
	(9, 'Control Valve Installer', 'Iste et aperiam consequatur numquam et ipsa aut. Neque nam laborum quo doloremque optio id beatae. Tempora necessitatibus corporis dolorum et magnam sed enim odio. Et ea quis fugit saepe. Dolorem aut at maxime cumque blanditiis.', 62977, 'North Shana', 'Customer Support', 'entry', '2023-06-27 00:13:56', '2023-06-27 00:13:56', 6),
	(10, 'Fast Food Cook', 'Aut et enim dolore. Nobis itaque porro blanditiis veritatis. Recusandae eum in reiciendis nemo illum sed eum aliquid. Est laboriosam nihil minus.', 30340, 'New Heloisefort', 'IT', 'entry', '2023-06-27 00:13:56', '2023-06-27 00:13:56', 1),
	(11, 'Taper', 'Laboriosam dolor ut et ipsam in porro. Quibusdam doloribus totam sit doloribus non et. Praesentium nemo qui dolores et quo.', 102100, 'Blandaland', 'Marketing', 'senior', '2023-06-27 00:13:56', '2023-06-27 00:13:56', 6),
	(12, 'Stone Sawyer', 'Distinctio iste non quod adipisci. Ratione libero perspiciatis ex exercitationem error. Et eveniet sit quaerat ut temporibus. Rerum aut excepturi eum nulla ad exercitationem id.', 149050, 'Lake Eloisaborough', 'IT', 'entry', '2023-06-27 00:13:56', '2023-06-27 00:13:56', 2),
	(13, 'Model Maker', 'Et quos fugiat omnis quas sequi dicta. Hic est unde veritatis ex minima veniam quisquam. Et eos quasi quas corporis labore.', 46446, 'Jenkinschester', 'Marketing', 'intermediate', '2023-06-27 00:13:56', '2023-06-27 00:13:56', 9),
	(14, 'Market Research Analyst', 'Et voluptate ut earum officia. Quae repellat aut error non officiis non officiis. Est quia sapiente rerum dolor laudantium quis. Aspernatur odit sequi quos optio laborum illum labore.', 136232, 'North Karabury', 'IT', 'entry', '2023-06-27 00:13:56', '2023-06-27 00:13:56', 20),
	(15, 'Director Of Talent Acquisition', 'Harum consequuntur aliquid quaerat eaque alias repudiandae minima. Nisi sed non beatae fugiat quaerat soluta commodi. Similique voluptatem voluptatem aliquam voluptas veniam dolorum. Ut laborum quis ut molestiae cum natus architecto. Enim rerum aperiam sequi sit est consequatur quia.', 76069, 'New Allanville', 'Marketing', 'intermediate', '2023-06-27 00:13:56', '2023-06-27 00:13:56', 17),
	(16, 'Municipal Clerk', 'Fugit cum error quas maxime illo ea. Odio corrupti quo ut quasi nemo.', 144668, 'South Nyasia', 'Customer Support', 'intermediate', '2023-06-27 00:13:56', '2023-06-27 00:13:56', 10),
	(17, 'Aircraft Body Repairer', 'Laborum et quo assumenda delectus autem. Sint dolorem dolorem repellat et rem id. Eos dolorum nihil vitae harum.', 72521, 'Orionhaven', 'Customer Support', 'intermediate', '2023-06-27 00:13:56', '2023-06-27 00:13:56', 4),
	(18, 'Operations Research Analyst', 'Fugiat magnam debitis voluptas nobis. Eos molestiae voluptatem sunt nihil ab quasi veritatis. Qui qui sequi omnis quo in corporis laborum fuga.', 94131, 'South Benny', 'Customer Support', 'senior', '2023-06-27 00:13:56', '2023-06-27 00:13:56', 5),
	(19, 'Wellhead Pumper', 'Velit sed magnam facilis id delectus. Perferendis quis praesentium quaerat minus culpa repellendus iure voluptatum. Sit quae aut est est pariatur.', 106515, 'South Frankiefurt', 'Marketing', 'intermediate', '2023-06-27 00:13:56', '2023-06-27 00:13:56', 2),
	(20, 'Storage Manager OR Distribution Manager', 'Officia esse nemo velit corporis voluptatum accusamus perferendis quisquam. Ut doloribus harum labore excepturi.', 132010, 'New Juliaside', 'Finance', 'intermediate', '2023-06-27 00:13:56', '2023-06-27 00:13:56', 19),
	(21, 'Pediatricians', 'Adipisci blanditiis reiciendis commodi voluptatem aut. Placeat corporis expedita dolores sunt. Nesciunt rerum animi accusamus cum impedit unde.', 49853, 'Stantonberg', 'Finance', 'intermediate', '2023-06-27 00:13:56', '2023-06-27 00:13:56', 1),
	(22, 'Fast Food Cook', 'Velit veniam facere perferendis quia rerum numquam corrupti et. Repellat modi ea nulla ad eveniet sed dolorum. Et quisquam a corrupti tenetur. Earum qui dolores ut aut.', 88220, 'Lake Imeldaview', 'Customer Support', 'intermediate', '2023-06-27 00:13:56', '2023-06-27 00:13:56', 1),
	(23, 'Butcher', 'A ut est et deleniti. Ut pariatur molestias esse blanditiis debitis. Nostrum dicta eligendi excepturi voluptas nisi a eum.', 23011, 'Danaside', 'Marketing', 'senior', '2023-06-27 00:13:56', '2023-06-27 00:13:56', 5),
	(24, 'Central Office Operator', 'Facilis vel voluptas ut. Minus asperiores ab deserunt voluptatem. Et amet reprehenderit iste.', 67385, 'Zechariahmouth', 'Sales', 'senior', '2023-06-27 00:13:56', '2023-06-27 00:13:56', 7),
	(25, 'Producers and Director', 'Excepturi exercitationem necessitatibus maiores eum quasi sapiente. Debitis expedita eum minima quia aut.', 62931, 'New Orvillechester', 'Customer Support', 'intermediate', '2023-06-27 00:13:56', '2023-06-27 00:13:56', 5),
	(26, 'Painter and Illustrator', 'Minus in doloribus totam consequatur. Quo accusamus labore nemo sint. Est minus nobis sit eligendi. Velit laudantium quo atque voluptatum alias. Ut et esse consectetur.', 145792, 'Bellmouth', 'IT', 'senior', '2023-06-27 00:13:56', '2023-06-27 00:13:56', 7),
	(27, 'Actuary', 'Aliquid eveniet eius expedita et tempora reiciendis. Non id aut voluptatem dolor esse et dicta.', 111399, 'West Zellaland', 'Customer Support', 'entry', '2023-06-27 00:13:56', '2023-06-27 00:13:56', 17),
	(28, 'Dancer', 'Dicta reiciendis in consequatur repellat. Magnam repellat quo consequuntur quo aspernatur quisquam quas. Quae in quis quaerat consectetur. Rerum reiciendis vel non qui eius dolores nobis.', 60672, 'East Savionside', 'Marketing', 'entry', '2023-06-27 00:13:56', '2023-06-27 00:13:56', 4),
	(29, 'Precision Instrument Repairer', 'Et cum officia ut molestiae molestiae officia tenetur. Labore reiciendis doloribus voluptas enim. Aliquam velit beatae tempora ipsa repellendus aut minima. Est ex maiores error ex velit inventore sapiente. Voluptatem est laboriosam quia maiores aliquid rerum ea aspernatur.', 92424, 'Dickensberg', 'Finance', 'entry', '2023-06-27 00:13:56', '2023-06-27 00:13:56', 12),
	(30, 'Life Scientists', 'Fugiat et recusandae non pariatur cumque. Commodi et ut praesentium sed. Iste praesentium voluptatem corporis dolores.', 113114, 'Port Thadland', 'IT', 'intermediate', '2023-06-27 00:13:56', '2023-06-27 00:13:56', 16),
	(31, 'General Farmworker', 'Ut est et praesentium vero. Et quia et libero laborum hic nam fuga. Nam ut consectetur et expedita.', 8509, 'Bernadettechester', 'IT', 'senior', '2023-06-27 00:13:56', '2023-06-27 00:13:56', 9),
	(32, 'Claims Examiner', 'Modi id excepturi est dolores et. Illo ipsam ipsa excepturi omnis sed autem. Voluptatem aliquid aut et eaque qui ut et.', 98486, 'New Fae', 'Marketing', 'senior', '2023-06-27 00:13:56', '2023-06-27 00:13:56', 2),
	(33, 'Solderer', 'Quisquam ipsum in aut necessitatibus totam rem. Ullam animi ab veritatis est aut natus sapiente. Quia ducimus deserunt esse voluptatem mollitia reprehenderit.', 139947, 'Kuhicborough', 'IT', 'entry', '2023-06-27 00:13:56', '2023-06-27 00:13:56', 3),
	(34, 'Computer Hardware Engineer', 'Possimus provident eum ut quae neque vero incidunt facilis. Aspernatur perspiciatis sequi aliquam debitis sapiente quisquam. Nihil quia explicabo itaque eos consequatur quia.', 39143, 'Grantton', 'Customer Support', 'entry', '2023-06-27 00:13:56', '2023-06-27 00:13:56', 18),
	(35, 'Real Estate Broker', 'Minus atque quas voluptas animi recusandae occaecati aut. Minus ullam et non maiores. Dicta rem voluptatem ipsa. Voluptatem ea non aut assumenda.', 148626, 'Harberport', 'IT', 'senior', '2023-06-27 00:13:56', '2023-06-27 00:13:56', 1),
	(36, 'Computer Programmer', 'Aspernatur deleniti neque quae et vel omnis. Quis blanditiis est enim ut odio. Deserunt placeat ab saepe accusamus.', 47337, 'North Amina', 'Customer Support', 'entry', '2023-06-27 00:13:56', '2023-06-27 00:13:56', 15),
	(37, 'Medical Sales Representative', 'Ut repudiandae qui quia enim natus. Consequatur ipsum error eos dolore atque.', 33155, 'Jamalburgh', 'Finance', 'entry', '2023-06-27 00:13:56', '2023-06-27 00:13:56', 12),
	(38, 'Social Worker', 'Voluptatem quia maiores nostrum pariatur fugiat dolore. Nam veritatis rem earum dolorem eos. Libero quisquam omnis voluptate repellendus harum dolorem.', 114770, 'West Trishastad', 'Marketing', 'senior', '2023-06-27 00:13:56', '2023-06-27 00:13:56', 16),
	(39, 'Stevedore', 'Quasi fugit deleniti repudiandae sequi labore architecto eius sed. Qui iusto consequatur architecto rerum quibusdam voluptas eveniet. Qui sit quos eveniet fugit quae id. Et quae deserunt voluptates accusantium nulla.', 76768, 'Callieshire', 'Finance', 'intermediate', '2023-06-27 00:13:56', '2023-06-27 00:13:56', 11),
	(40, 'Office Machine and Cash Register Servicer', 'Quas recusandae autem omnis. Atque voluptates et ut unde necessitatibus quos ut veniam. Non cum tempora nemo adipisci ut ea.', 71027, 'Abernathyberg', 'Marketing', 'intermediate', '2023-06-27 00:13:56', '2023-06-27 00:13:56', 17),
	(41, 'Cabinetmaker', 'Esse ut rerum provident eum in natus. Est nihil veritatis ducimus. Itaque nihil incidunt et et quae. Distinctio illum saepe id debitis repellendus a est.', 144237, 'Robertsfurt', 'Sales', 'intermediate', '2023-06-27 00:13:56', '2023-06-27 00:13:56', 3),
	(42, 'Landscape Architect', 'Quo unde ipsam qui distinctio sed harum ut. Nam tempore est ullam sequi veritatis est totam. Impedit eligendi enim aliquid explicabo. Ut est ducimus aut.', 47183, 'New Kaycee', 'Sales', 'senior', '2023-06-27 00:13:56', '2023-06-27 00:13:56', 9),
	(43, 'Mechanical Door Repairer', 'Minus velit ut nulla repellendus. Cum possimus culpa beatae ut. Dicta molestiae incidunt quia. Numquam vel harum aut recusandae.', 126556, 'South Mara', 'Finance', 'intermediate', '2023-06-27 00:13:56', '2023-06-27 00:13:56', 16),
	(44, 'Soil Scientist', 'Ut laborum aut non autem animi. Quisquam fugiat fugiat dicta quasi ducimus dignissimos perspiciatis. Fuga vero quia inventore consequatur nisi veritatis.', 61630, 'West Janelleton', 'Sales', 'senior', '2023-06-27 00:13:56', '2023-06-27 00:13:56', 17),
	(45, 'Business Manager', 'Distinctio omnis quisquam nihil aspernatur. Dolore nesciunt ea temporibus aspernatur eum unde sunt quod. Et nihil asperiores est enim ipsum vel dolorum. Tempora enim ipsa velit libero labore facere cumque.', 98531, 'Port Charlotte', 'Customer Support', 'senior', '2023-06-27 00:13:56', '2023-06-27 00:13:56', 5),
	(46, 'Kindergarten Teacher', 'Magni earum et aut enim consequatur sunt. Architecto facere rem vel praesentium qui ratione magnam. Natus eligendi et ipsam ea quae dolor culpa. Debitis recusandae nesciunt error.', 63302, 'Hackettville', 'Marketing', 'senior', '2023-06-27 00:13:56', '2023-06-27 00:13:56', 10),
	(47, 'Life Science Technician', 'Vitae non porro ut sit eos sit. Facilis qui numquam commodi et nobis aut. Natus exercitationem eligendi consequatur et aperiam hic nihil.', 134290, 'Barrowshaven', 'IT', 'entry', '2023-06-27 00:13:56', '2023-06-27 00:13:56', 8),
	(48, 'Refrigeration Mechanic', 'Repellat ut consequatur autem occaecati nam. Labore sit sunt officia placeat quis sint. Voluptate id ullam sunt nulla hic.', 102525, 'South Baronmouth', 'Marketing', 'intermediate', '2023-06-27 00:13:56', '2023-06-27 00:13:56', 20),
	(49, 'Civil Engineer', 'Voluptate tempore a similique ea. Itaque facere quo fugiat ea ad officia. Saepe blanditiis repellendus tempora et ex corrupti modi. Nam id est modi quae id rem.', 118487, 'Morartown', 'Sales', 'entry', '2023-06-27 00:13:56', '2023-06-27 00:13:56', 2),
	(50, 'Manufacturing Sales Representative', 'Neque labore dolor reprehenderit enim non architecto commodi. Rem omnis ducimus in. Nobis culpa et fuga modi. Sit soluta voluptatem soluta unde beatae.', 97396, 'Rolfsonland', 'Sales', 'intermediate', '2023-06-27 00:13:56', '2023-06-27 00:13:56', 18),
	(51, 'Precision Etcher and Engraver', 'Rerum voluptatibus quod eum. Et vel a ea beatae ut ex. Sit illo velit aut rerum.', 132483, 'North Ivah', 'Customer Support', 'intermediate', '2023-06-27 00:13:56', '2023-06-27 00:13:56', 13),
	(52, 'History Teacher', 'Ut necessitatibus maxime aut culpa. Voluptatibus sunt sequi officia voluptatem. Et harum cumque voluptates ab quos natus deserunt aperiam.', 28216, 'Port Rodgerberg', 'Marketing', 'senior', '2023-06-27 00:13:56', '2023-06-27 00:13:56', 14),
	(53, 'Drywall Installer', 'Sint laborum quam dolores expedita. Dolorem accusantium suscipit ut consequatur possimus quidem quia. Aspernatur rerum saepe cum nam quasi qui et numquam. Esse et aut aut quaerat.', 49664, 'West Desmond', 'IT', 'senior', '2023-06-27 00:13:56', '2023-06-27 00:13:56', 1),
	(54, 'Supervisor Fire Fighting Worker', 'Est distinctio sint occaecati. Et quia eum voluptatibus inventore incidunt. Dolorem consequatur iusto non esse ad et et. Voluptas dolorem ut mollitia voluptates.', 10909, 'Port Kobyshire', 'IT', 'entry', '2023-06-27 00:13:56', '2023-06-27 00:13:56', 9),
	(55, 'Electronic Drafter', 'Blanditiis soluta iure architecto occaecati esse excepturi. Excepturi deleniti est non. Illum architecto possimus itaque molestias voluptas voluptatem voluptatem rem.', 16324, 'West Madge', 'Customer Support', 'entry', '2023-06-27 00:13:56', '2023-06-27 00:13:56', 18),
	(56, 'MARCOM Manager', 'Cupiditate delectus fugit accusantium perspiciatis dolorem quia. Rerum qui sed aut.', 133149, 'Shawnborough', 'IT', 'senior', '2023-06-27 00:13:56', '2023-06-27 00:13:56', 7),
	(57, 'Material Moving Worker', 'Occaecati neque dolore veniam sed soluta aliquam. Iusto voluptatum praesentium expedita soluta deserunt eos rerum. Necessitatibus dolores vero eos voluptate natus.', 24107, 'Sauerchester', 'Finance', 'senior', '2023-06-27 00:13:56', '2023-06-27 00:13:56', 12),
	(58, 'Stringed Instrument Repairer and Tuner', 'Et dolores eaque nihil excepturi. Facere repellendus fuga qui recusandae. Iure iste id iure ut ipsam sapiente. Ab qui est ut sunt.', 75596, 'Howardfurt', 'Customer Support', 'intermediate', '2023-06-27 00:13:56', '2023-06-27 00:13:56', 14),
	(59, 'Advertising Manager OR Promotions Manager', 'Maiores libero sed nam libero voluptatem consequatur dignissimos. Quis similique consequatur est harum adipisci. Velit eos nisi repudiandae maiores. Adipisci repellat non aut. Libero harum itaque consequatur qui natus.', 144728, 'Beckerside', 'Finance', 'entry', '2023-06-27 00:13:56', '2023-06-27 00:13:56', 18),
	(60, 'Solderer', 'Odit sunt dolorem nam dolores ullam sed quis. Repellat nostrum vel et dolorum. Officiis modi harum sed et provident sit. Dolore deleniti autem vel sit et.', 78212, 'Auerberg', 'Customer Support', 'intermediate', '2023-06-27 00:13:56', '2023-06-27 00:13:56', 19),
	(61, 'Residential Advisor', 'Ea rerum id quam cupiditate placeat. Blanditiis in dicta molestias qui est. Ipsam consectetur est eligendi sapiente omnis sequi qui. Error et voluptas architecto et temporibus sit tempore.', 118874, 'South Saraiburgh', 'Customer Support', 'entry', '2023-06-27 00:13:56', '2023-06-27 00:13:56', 17),
	(62, 'Movie Director oR Theatre Director', 'Est sint debitis ut at dolor ut. Mollitia quia sit ut ea sint temporibus iure. Impedit est aliquam ut aspernatur laudantium hic id odio. Quis cum iusto nulla qui occaecati eos earum.', 105163, 'North Ianton', 'IT', 'intermediate', '2023-06-27 00:13:56', '2023-06-27 00:13:56', 7),
	(63, 'Precision Pattern and Die Caster', 'Velit provident ipsam dolorum et. Nulla ut assumenda quia odio ipsa ipsa. Earum eius tempora pariatur quo consequatur quo tempora.', 124348, 'South Mariela', 'Finance', 'intermediate', '2023-06-27 00:13:56', '2023-06-27 00:13:56', 13),
	(64, 'Brazing Machine Operator', 'Numquam quos alias nihil error qui perferendis autem quia. Iusto nulla ut fuga et sunt aperiam. Corporis ut quia laudantium dolore sit.', 102727, 'Walkerview', 'IT', 'entry', '2023-06-27 00:13:56', '2023-06-27 00:13:56', 17),
	(65, 'Judge', 'Doloremque odit dignissimos similique aut quis vel. Est iure velit quis quae illum aut autem. Est saepe est et sed sint nemo aut voluptas.', 124220, 'Brownbury', 'Customer Support', 'intermediate', '2023-06-27 00:13:56', '2023-06-27 00:13:56', 14),
	(66, 'Aircraft Cargo Handling Supervisor', 'Dolorem est quam in incidunt est consequuntur. Voluptas beatae et accusamus voluptatum perspiciatis cupiditate et. Eligendi et quas atque dolore. Sint voluptas ut ullam sapiente itaque rerum.', 92874, 'New Jarrell', 'IT', 'senior', '2023-06-27 00:13:56', '2023-06-27 00:13:56', 2),
	(67, 'Clinical School Psychologist', 'Alias animi aspernatur aut. Temporibus pariatur omnis aut odit accusantium. Non inventore nulla quis aspernatur consequatur. Rem maxime ex aliquam dolorum ut.', 93786, 'Haydenmouth', 'Finance', 'entry', '2023-06-27 00:13:56', '2023-06-27 00:13:56', 13),
	(68, 'Vocational Education Teacher', 'Aut voluptate enim quia natus ab laborum quam. Quo officiis omnis dolores vel. Qui officia debitis error et non ut ratione. Itaque consequatur minus aspernatur incidunt.', 148236, 'Alveraborough', 'Sales', 'entry', '2023-06-27 00:13:56', '2023-06-27 00:13:56', 3),
	(69, 'Typesetting Machine Operator', 'Debitis ut repellendus sunt eum accusantium. Eius numquam quis accusamus veniam esse alias corporis. Dolor rem labore iste. Consequatur repudiandae illo harum fugit totam.', 134504, 'Port Mylene', 'Marketing', 'intermediate', '2023-06-27 00:13:56', '2023-06-27 00:13:56', 14),
	(70, 'Gauger', 'Pariatur voluptatibus consequuntur nihil quia ex placeat. Itaque voluptates voluptate quibusdam nostrum. Quia minima occaecati laudantium cupiditate quo.', 103189, 'Rodriguezport', 'IT', 'senior', '2023-06-27 00:13:56', '2023-06-27 00:13:56', 7),
	(71, 'Valve Repairer OR Regulator Repairer', 'Mollitia maxime eligendi aliquid iste. Sit cum et a libero illo saepe. Et accusantium quos totam est culpa sed sed neque. Sapiente adipisci veniam et similique consectetur.', 105676, 'North Berenicemouth', 'Marketing', 'entry', '2023-06-27 00:13:56', '2023-06-27 00:13:56', 1),
	(72, 'Buffing and Polishing Operator', 'Veniam nam est commodi optio quos ipsum. Eos et reiciendis aut tenetur. Nesciunt explicabo molestiae animi laborum blanditiis laboriosam. Quo molestiae et molestiae iure vitae. Expedita id quam sint rerum.', 58275, 'New Mauriceburgh', 'Customer Support', 'senior', '2023-06-27 00:13:56', '2023-06-27 00:13:56', 14),
	(73, 'Construction Manager', 'Laboriosam nam natus consequatur incidunt facilis quae. Est velit voluptatem facere voluptatem natus eveniet odit. Reiciendis error perspiciatis voluptatem aut. Non dolorem qui dolorem ea aut.', 12039, 'North Mateo', 'Sales', 'intermediate', '2023-06-27 00:13:56', '2023-06-27 00:13:56', 20),
	(74, 'Fire Investigator', 'Laborum saepe dolor possimus nesciunt libero. Culpa asperiores sit iusto debitis sed earum. Et voluptatem eos dolor. Dolor suscipit natus deserunt voluptates incidunt provident voluptatum.', 114982, 'New Waldo', 'Sales', 'intermediate', '2023-06-27 00:13:56', '2023-06-27 00:13:56', 7),
	(75, 'Interior Designer', 'Aperiam aut cum consequatur modi quod soluta. Totam nostrum vitae voluptas aut. Et aut asperiores et et.', 107619, 'New Reymundo', 'Finance', 'entry', '2023-06-27 00:13:56', '2023-06-27 00:13:56', 16),
	(76, 'Pewter Caster', 'A tenetur tempora amet ad placeat eaque. Rerum totam est assumenda odio. Placeat corporis consequatur consequatur laudantium labore. Quas aut iusto qui soluta modi cum.', 114258, 'Nickberg', 'IT', 'senior', '2023-06-27 00:13:56', '2023-06-27 00:13:56', 19),
	(77, 'Clerk', 'Veritatis praesentium consectetur alias voluptas magni expedita esse. Est facere accusantium optio est voluptatum. Iste et eos et nihil.', 86698, 'Christiansenport', 'Finance', 'intermediate', '2023-06-27 00:13:56', '2023-06-27 00:13:56', 20),
	(78, 'Photographer', 'Magnam aut qui hic aut enim officia. Consequatur aut labore aut sunt dolores nulla excepturi ab. Rerum assumenda quia voluptas ut asperiores quaerat aut.', 92603, 'Kesslerburgh', 'Marketing', 'entry', '2023-06-27 00:13:56', '2023-06-27 00:13:56', 7),
	(79, 'Municipal Clerk', 'Et incidunt nam beatae voluptatem qui cum facilis. Nesciunt adipisci quod illo dolores deserunt sequi. Esse distinctio et aliquid minus. Adipisci laudantium repudiandae porro.', 18448, 'Denniston', 'Marketing', 'senior', '2023-06-27 00:13:56', '2023-06-27 00:13:56', 7),
	(80, 'Occupational Health Safety Technician', 'Ipsa ut modi rem iusto et error occaecati. Nihil consequatur exercitationem doloremque esse odio temporibus commodi. Qui dolores qui occaecati quo eos.', 16190, 'Rempelstad', 'Sales', 'entry', '2023-06-27 00:13:56', '2023-06-27 00:13:56', 12),
	(81, 'Logging Tractor Operator', 'Asperiores eum aut dolorum facere dolore. At molestiae dolorem nemo doloribus. Deleniti molestiae voluptatem vitae esse quaerat veniam.', 41448, 'Sherwoodfort', 'Sales', 'entry', '2023-06-27 00:13:56', '2023-06-27 00:13:56', 18),
	(82, 'Waitress', 'Repellendus magnam est earum eius. Expedita qui ad voluptatem nulla unde repudiandae. Hic cum et odio id similique ut architecto.', 136720, 'Port Fermin', 'Sales', 'entry', '2023-06-27 00:13:56', '2023-06-27 00:13:56', 11),
	(83, 'Substance Abuse Counselor', 'Enim omnis enim asperiores tempore. Quos omnis enim perspiciatis at numquam quisquam. Qui quaerat aut et tempore. Exercitationem a enim laudantium laborum.', 59949, 'Bettieland', 'IT', 'intermediate', '2023-06-27 00:13:56', '2023-06-27 00:13:56', 4),
	(84, 'Fish Hatchery Manager', 'Molestias quidem amet rerum ea quibusdam deserunt cum. Quia odit aut debitis esse et ea commodi. Iste qui quo magni velit quis illum.', 106031, 'Morissettetown', 'Sales', 'entry', '2023-06-27 00:13:56', '2023-06-27 00:13:56', 16),
	(85, 'Radiologic Technician', 'Aliquid consectetur saepe voluptatem nobis deleniti. Debitis qui quia fugiat neque ut nesciunt. Tenetur sit eum aperiam dolorem. Eveniet modi architecto rerum ex voluptas occaecati.', 25532, 'West Charles', 'IT', 'senior', '2023-06-27 00:13:56', '2023-06-27 00:13:56', 10),
	(86, 'Welding Machine Setter', 'Vel quam animi inventore dolorem qui quasi nihil. Nulla ipsam sint et voluptas odit. Tenetur molestias dolores ut numquam et dolorum nesciunt. Odio saepe iusto mollitia quam saepe vel est aut.', 129330, 'Uptonville', 'Customer Support', 'entry', '2023-06-27 00:13:56', '2023-06-27 00:13:56', 16),
	(87, 'Food Preparation', 'Aut animi voluptas vitae repellat tempore error nobis quidem. Minima dignissimos sit aut expedita. Rerum sed rerum similique molestiae. Magnam explicabo repellendus nemo autem et.', 108230, 'Bernadinetown', 'Finance', 'senior', '2023-06-27 00:13:56', '2023-06-27 00:13:56', 4),
	(88, 'Woodworker', 'Et sapiente dolores ut non et cum est. Qui voluptas ut illum molestiae autem earum distinctio. Cum velit quia aut voluptas placeat ab id. Inventore eos adipisci ut non perspiciatis fugiat.', 39743, 'North Reillyshire', 'Sales', 'senior', '2023-06-27 00:13:56', '2023-06-27 00:13:56', 10),
	(89, 'Washing Equipment Operator', 'Corrupti odio ea exercitationem officia similique corporis unde. Omnis nesciunt vel expedita quos et sit adipisci. Dolor quidem qui quibusdam facilis rerum.', 97417, 'North Shaniya', 'Marketing', 'intermediate', '2023-06-27 00:13:56', '2023-06-27 00:13:56', 18),
	(90, 'CSI', 'Enim voluptatem et aut esse ut id. Eum magni quis ex voluptatem. Eum aut ut perspiciatis dolore quis. Harum quis dolores ab.', 60919, 'Spinkaborough', 'Marketing', 'senior', '2023-06-27 00:13:56', '2023-06-27 00:13:56', 14),
	(91, 'Garment', 'Tempora quaerat qui doloremque in excepturi voluptatem maiores aperiam. Repudiandae omnis assumenda et cumque.', 85413, 'Fayeshire', 'Finance', 'intermediate', '2023-06-27 00:13:56', '2023-06-27 00:13:56', 8),
	(92, 'Prosthodontist', 'Et expedita sit qui eum. Quae ratione delectus blanditiis et id voluptas perferendis. Sit fugiat illo mollitia eligendi. Animi eum ex explicabo eligendi. Unde voluptatibus aut maiores placeat est a.', 113612, 'Stanfordville', 'Sales', 'intermediate', '2023-06-27 00:13:56', '2023-06-27 00:13:56', 13),
	(93, 'Aircraft Rigging Assembler', 'Non eveniet nulla eligendi ut. Rerum numquam accusantium qui qui. Eius quisquam quis nam est porro.', 25144, 'Kreigermouth', 'Customer Support', 'senior', '2023-06-27 00:13:56', '2023-06-27 00:13:56', 18),
	(94, 'Gauger', 'Enim alias consequatur officiis. Dignissimos distinctio quis sunt qui saepe. Accusantium quis vero laboriosam illum.', 46765, 'New Icie', 'Marketing', 'senior', '2023-06-27 00:13:56', '2023-06-27 00:13:56', 10),
	(95, 'Timing Device Assemblers', 'Esse necessitatibus quos et porro ullam beatae ducimus. Facere porro qui aliquid voluptatum saepe fugit autem. Non vitae inventore omnis mollitia. Molestiae et dolorem cumque adipisci facere est.', 60599, 'Gradyfurt', 'Sales', 'intermediate', '2023-06-27 00:13:56', '2023-06-27 00:13:56', 7),
	(96, 'Gaming Surveillance Officer', 'Ab voluptatem voluptas sint libero eos soluta ullam. Praesentium quod quo ipsa error ratione. Minima esse voluptatem minima molestiae eveniet harum. Aperiam dolore nostrum qui amet.', 105544, 'Lake Kyliemouth', 'IT', 'entry', '2023-06-27 00:13:56', '2023-06-27 00:13:56', 5),
	(97, 'Assembler', 'Quia ducimus officia sit quis nulla quo quod. Est voluptatem facere atque expedita iusto sit repudiandae. Vitae ab assumenda consequatur beatae quo expedita.', 51236, 'Wuckertton', 'Sales', 'intermediate', '2023-06-27 00:13:56', '2023-06-27 00:13:56', 13),
	(98, 'Residential Advisor', 'Doloribus deserunt ullam iste eligendi. Consequatur pariatur distinctio optio distinctio. Labore reiciendis consectetur et deleniti aliquid delectus. Dolorum eos non dolorem consequatur expedita.', 71741, 'Kuhlmanville', 'Customer Support', 'senior', '2023-06-27 00:13:56', '2023-06-27 00:13:56', 14),
	(99, 'Electrical Power-Line Installer', 'Beatae ad dicta quod consectetur. Et recusandae porro officia cumque.', 148904, 'Kylefurt', 'IT', 'intermediate', '2023-06-27 00:13:56', '2023-06-27 00:13:56', 9),
	(100, 'Vice President Of Marketing', 'Quasi quos quia sunt voluptatem voluptate qui consequatur impedit. Et cupiditate explicabo odio non nihil. Dolorem delectus cumque vitae laborum molestiae et. Natus officia omnis dicta nulla perferendis quo.', 68696, 'Kilbackland', 'Customer Support', 'entry', '2023-06-27 00:13:56', '2023-06-27 00:13:56', 7),
	(101, 'Front End Web Developer', 'Work closely with design, product management, and development teams to create elegant, usable, responsive, and interactive interfaces across multiple devices\r\nMaintain and improve the website\r\nOptimize applications for maximum speed\r\nFollowing SEO best practices\r\nFixing bugs and testing for usability\r\nAlways stay consistent with the brand guidelines\r\nGet feedback from users and customers\r\nMake suggestions for better solutions to problems\r\nKeep up to date with the latest and emerging technologies', 3000, 'Yangon, Myanmar', 'IT', 'intermediate', '2023-06-27 21:49:51', '2023-06-27 21:49:51', 21);

-- Dumping structure for table cl_jobboard.job_applications
DROP TABLE IF EXISTS `job_applications`;
CREATE TABLE IF NOT EXISTS `job_applications` (
  `id` bigint unsigned NOT NULL AUTO_INCREMENT,
  `user_id` bigint unsigned NOT NULL,
  `job_id` bigint unsigned NOT NULL,
  `expected_salary` int unsigned NOT NULL,
  `created_at` timestamp NULL DEFAULT NULL,
  `updated_at` timestamp NULL DEFAULT NULL,
  `cv_path` varchar(255) COLLATE utf8mb4_unicode_ci DEFAULT NULL,
  PRIMARY KEY (`id`),
  KEY `job_applications_job_id_foreign` (`job_id`),
  CONSTRAINT `job_applications_job_id_foreign` FOREIGN KEY (`job_id`) REFERENCES `jobs` (`id`)
) ENGINE=InnoDB AUTO_INCREMENT=383 DEFAULT CHARSET=utf8mb4 COLLATE=utf8mb4_unicode_ci;

-- Dumping data for table cl_jobboard.job_applications: ~368 rows (approximately)
DELETE FROM `job_applications`;
INSERT INTO `job_applications` (`id`, `user_id`, `job_id`, `expected_salary`, `created_at`, `updated_at`, `cv_path`) VALUES
	(1, 199, 70, 19402, '2023-06-27 00:13:56', '2023-06-27 00:13:56', NULL),
	(2, 40, 80, 7077, '2023-06-27 00:13:56', '2023-06-27 00:13:56', NULL),
	(3, 40, 75, 12989, '2023-06-27 00:13:56', '2023-06-27 00:13:56', NULL),
	(4, 40, 90, 10229, '2023-06-27 00:13:56', '2023-06-27 00:13:56', NULL),
	(5, 40, 17, 131711, '2023-06-27 00:13:56', '2023-06-27 00:13:56', NULL),
	(6, 148, 81, 21889, '2023-06-27 00:13:56', '2023-06-27 00:13:56', NULL),
	(7, 148, 69, 84190, '2023-06-27 00:13:56', '2023-06-27 00:13:56', NULL),
	(8, 148, 93, 9491, '2023-06-27 00:13:56', '2023-06-27 00:13:56', NULL),
	(9, 77, 86, 76507, '2023-06-27 00:13:56', '2023-06-27 00:13:56', NULL),
	(10, 77, 7, 8730, '2023-06-27 00:13:56', '2023-06-27 00:13:56', NULL),
	(11, 77, 61, 129262, '2023-06-27 00:13:56', '2023-06-27 00:13:56', NULL),
	(12, 142, 73, 92090, '2023-06-27 00:13:56', '2023-06-27 00:13:56', NULL),
	(13, 142, 27, 98835, '2023-06-27 00:13:56', '2023-06-27 00:13:56', NULL),
	(14, 142, 35, 144172, '2023-06-27 00:13:56', '2023-06-27 00:13:56', NULL),
	(15, 142, 47, 28054, '2023-06-27 00:13:56', '2023-06-27 00:13:56', NULL),
	(16, 22, 75, 147189, '2023-06-27 00:13:56', '2023-06-27 00:13:56', NULL),
	(17, 181, 29, 79803, '2023-06-27 00:13:56', '2023-06-27 00:13:56', NULL),
	(18, 181, 86, 52682, '2023-06-27 00:13:56', '2023-06-27 00:13:56', NULL),
	(19, 181, 94, 9240, '2023-06-27 00:13:56', '2023-06-27 00:13:56', NULL),
	(20, 42, 95, 10819, '2023-06-27 00:13:56', '2023-06-27 00:13:56', NULL),
	(21, 42, 17, 143312, '2023-06-27 00:13:56', '2023-06-27 00:13:56', NULL),
	(22, 46, 75, 108343, '2023-06-27 00:13:56', '2023-06-27 00:13:56', NULL),
	(23, 46, 3, 45460, '2023-06-27 00:13:56', '2023-06-27 00:13:56', NULL),
	(24, 52, 52, 38133, '2023-06-27 00:13:56', '2023-06-27 00:13:56', NULL),
	(25, 52, 88, 30435, '2023-06-27 00:13:56', '2023-06-27 00:13:56', NULL),
	(26, 52, 73, 129512, '2023-06-27 00:13:56', '2023-06-27 00:13:56', NULL),
	(27, 52, 9, 68656, '2023-06-27 00:13:56', '2023-06-27 00:13:56', NULL),
	(28, 73, 17, 53742, '2023-06-27 00:13:56', '2023-06-27 00:13:56', NULL),
	(29, 73, 49, 57050, '2023-06-27 00:13:56', '2023-06-27 00:13:56', NULL),
	(30, 73, 96, 95704, '2023-06-27 00:13:56', '2023-06-27 00:13:56', NULL),
	(31, 111, 73, 164553, '2023-06-27 00:13:56', '2023-06-27 00:13:56', NULL),
	(32, 111, 30, 139703, '2023-06-27 00:13:56', '2023-06-27 00:13:56', NULL),
	(33, 111, 98, 166633, '2023-06-27 00:13:56', '2023-06-27 00:13:56', NULL),
	(34, 179, 14, 83078, '2023-06-27 00:13:56', '2023-06-27 00:13:56', NULL),
	(35, 179, 73, 95046, '2023-06-27 00:13:56', '2023-06-27 00:13:56', NULL),
	(36, 179, 25, 68525, '2023-06-27 00:13:56', '2023-06-27 00:13:56', NULL),
	(37, 179, 23, 58660, '2023-06-27 00:13:56', '2023-06-27 00:13:56', NULL),
	(38, 121, 28, 85704, '2023-06-27 00:13:56', '2023-06-27 00:13:56', NULL),
	(39, 121, 39, 119064, '2023-06-27 00:13:56', '2023-06-27 00:13:56', NULL),
	(40, 121, 58, 110195, '2023-06-27 00:13:56', '2023-06-27 00:13:56', NULL),
	(41, 103, 40, 138783, '2023-06-27 00:13:57', '2023-06-27 00:13:57', NULL),
	(42, 103, 53, 151664, '2023-06-27 00:13:57', '2023-06-27 00:13:57', NULL),
	(43, 103, 34, 67243, '2023-06-27 00:13:57', '2023-06-27 00:13:57', NULL),
	(44, 137, 71, 28971, '2023-06-27 00:13:57', '2023-06-27 00:13:57', NULL),
	(45, 74, 5, 59666, '2023-06-27 00:13:57', '2023-06-27 00:13:57', NULL),
	(46, 74, 30, 23922, '2023-06-27 00:13:57', '2023-06-27 00:13:57', NULL),
	(47, 127, 57, 155999, '2023-06-27 00:13:57', '2023-06-27 00:13:57', NULL),
	(48, 127, 96, 23355, '2023-06-27 00:13:57', '2023-06-27 00:13:57', NULL),
	(49, 65, 70, 31419, '2023-06-27 00:13:57', '2023-06-27 00:13:57', NULL),
	(50, 65, 29, 5824, '2023-06-27 00:13:57', '2023-06-27 00:13:57', NULL),
	(51, 65, 72, 120190, '2023-06-27 00:13:57', '2023-06-27 00:13:57', NULL),
	(52, 65, 59, 149222, '2023-06-27 00:13:57', '2023-06-27 00:13:57', NULL),
	(53, 160, 1, 25049, '2023-06-27 00:13:57', '2023-06-27 00:13:57', NULL),
	(54, 160, 53, 72144, '2023-06-27 00:13:57', '2023-06-27 00:13:57', NULL),
	(55, 118, 94, 131885, '2023-06-27 00:13:57', '2023-06-27 00:13:57', NULL),
	(56, 118, 77, 120708, '2023-06-27 00:13:57', '2023-06-27 00:13:57', NULL),
	(57, 118, 49, 146984, '2023-06-27 00:13:57', '2023-06-27 00:13:57', NULL),
	(58, 118, 93, 25874, '2023-06-27 00:13:57', '2023-06-27 00:13:57', NULL),
	(59, 149, 77, 169427, '2023-06-27 00:13:57', '2023-06-27 00:13:57', NULL),
	(60, 31, 45, 85823, '2023-06-27 00:13:57', '2023-06-27 00:13:57', NULL),
	(61, 31, 23, 13085, '2023-06-27 00:13:57', '2023-06-27 00:13:57', NULL),
	(62, 170, 14, 132829, '2023-06-27 00:13:57', '2023-06-27 00:13:57', NULL),
	(63, 170, 22, 43593, '2023-06-27 00:13:57', '2023-06-27 00:13:57', NULL),
	(64, 170, 48, 136146, '2023-06-27 00:13:57', '2023-06-27 00:13:57', NULL),
	(65, 170, 5, 72277, '2023-06-27 00:13:57', '2023-06-27 00:13:57', NULL),
	(66, 45, 33, 30254, '2023-06-27 00:13:57', '2023-06-27 00:13:57', NULL),
	(67, 45, 88, 40821, '2023-06-27 00:13:57', '2023-06-27 00:13:57', NULL),
	(68, 33, 12, 132623, '2023-06-27 00:13:57', '2023-06-27 00:13:57', NULL),
	(69, 155, 4, 17150, '2023-06-27 00:13:57', '2023-06-27 00:13:57', NULL),
	(70, 155, 88, 120839, '2023-06-27 00:13:57', '2023-06-27 00:13:57', NULL),
	(71, 155, 96, 23232, '2023-06-27 00:13:57', '2023-06-27 00:13:57', NULL),
	(72, 95, 67, 142062, '2023-06-27 00:13:57', '2023-06-27 00:13:57', NULL),
	(73, 104, 10, 131676, '2023-06-27 00:13:57', '2023-06-27 00:13:57', NULL),
	(74, 161, 83, 94145, '2023-06-27 00:13:57', '2023-06-27 00:13:57', NULL),
	(75, 161, 31, 80294, '2023-06-27 00:13:57', '2023-06-27 00:13:57', NULL),
	(76, 161, 46, 123776, '2023-06-27 00:13:57', '2023-06-27 00:13:57', NULL),
	(77, 156, 27, 71263, '2023-06-27 00:13:57', '2023-06-27 00:13:57', NULL),
	(78, 156, 50, 96000, '2023-06-27 00:13:57', '2023-06-27 00:13:57', NULL),
	(79, 156, 60, 36218, '2023-06-27 00:13:57', '2023-06-27 00:13:57', NULL),
	(80, 20, 94, 156930, '2023-06-27 00:13:57', '2023-06-27 00:13:57', NULL),
	(81, 20, 46, 129791, '2023-06-27 00:13:57', '2023-06-27 00:13:57', NULL),
	(82, 20, 53, 49177, '2023-06-27 00:13:57', '2023-06-27 00:13:57', NULL),
	(83, 48, 54, 32481, '2023-06-27 00:13:57', '2023-06-27 00:13:57', NULL),
	(84, 48, 13, 11884, '2023-06-27 00:13:57', '2023-06-27 00:13:57', NULL),
	(85, 48, 56, 18698, '2023-06-27 00:13:57', '2023-06-27 00:13:57', NULL),
	(86, 48, 8, 11434, '2023-06-27 00:13:57', '2023-06-27 00:13:57', NULL),
	(87, 21, 38, 40240, '2023-06-27 00:13:57', '2023-06-27 00:13:57', NULL),
	(88, 21, 62, 24181, '2023-06-27 00:13:57', '2023-06-27 00:13:57', NULL),
	(89, 21, 34, 80362, '2023-06-27 00:13:57', '2023-06-27 00:13:57', NULL),
	(90, 21, 86, 96724, '2023-06-27 00:13:57', '2023-06-27 00:13:57', NULL),
	(91, 100, 13, 128515, '2023-06-27 00:13:57', '2023-06-27 00:13:57', NULL),
	(92, 100, 21, 145381, '2023-06-27 00:13:57', '2023-06-27 00:13:57', NULL),
	(93, 100, 6, 65230, '2023-06-27 00:13:57', '2023-06-27 00:13:57', NULL),
	(94, 100, 33, 160264, '2023-06-27 00:13:57', '2023-06-27 00:13:57', NULL),
	(95, 93, 9, 126687, '2023-06-27 00:13:57', '2023-06-27 00:13:57', NULL),
	(96, 93, 77, 166627, '2023-06-27 00:13:57', '2023-06-27 00:13:57', NULL),
	(97, 83, 61, 15273, '2023-06-27 00:13:57', '2023-06-27 00:13:57', NULL),
	(98, 83, 83, 121187, '2023-06-27 00:13:57', '2023-06-27 00:13:57', NULL),
	(99, 83, 74, 23301, '2023-06-27 00:13:57', '2023-06-27 00:13:57', NULL),
	(100, 83, 94, 125382, '2023-06-27 00:13:57', '2023-06-27 00:13:57', NULL),
	(101, 37, 41, 48991, '2023-06-27 00:13:57', '2023-06-27 00:13:57', NULL),
	(102, 37, 52, 141016, '2023-06-27 00:13:57', '2023-06-27 00:13:57', NULL),
	(103, 70, 22, 118741, '2023-06-27 00:13:57', '2023-06-27 00:13:57', NULL),
	(104, 133, 85, 45697, '2023-06-27 00:13:57', '2023-06-27 00:13:57', NULL),
	(105, 176, 35, 121570, '2023-06-27 00:13:57', '2023-06-27 00:13:57', NULL),
	(106, 176, 74, 130257, '2023-06-27 00:13:57', '2023-06-27 00:13:57', NULL),
	(107, 176, 100, 91481, '2023-06-27 00:13:57', '2023-06-27 00:13:57', NULL),
	(108, 129, 87, 152651, '2023-06-27 00:13:57', '2023-06-27 00:13:57', NULL),
	(109, 129, 23, 116579, '2023-06-27 00:13:57', '2023-06-27 00:13:57', NULL),
	(110, 129, 59, 60958, '2023-06-27 00:13:57', '2023-06-27 00:13:57', NULL),
	(111, 151, 33, 40372, '2023-06-27 00:13:57', '2023-06-27 00:13:57', NULL),
	(112, 151, 1, 29693, '2023-06-27 00:13:57', '2023-06-27 00:13:57', NULL),
	(113, 151, 59, 87880, '2023-06-27 00:13:57', '2023-06-27 00:13:57', NULL),
	(114, 151, 21, 65857, '2023-06-27 00:13:57', '2023-06-27 00:13:57', NULL),
	(115, 96, 26, 64380, '2023-06-27 00:13:57', '2023-06-27 00:13:57', NULL),
	(116, 96, 34, 162280, '2023-06-27 00:13:57', '2023-06-27 00:13:57', NULL),
	(117, 192, 77, 51889, '2023-06-27 00:13:57', '2023-06-27 00:13:57', NULL),
	(118, 192, 48, 135740, '2023-06-27 00:13:57', '2023-06-27 00:13:57', NULL),
	(119, 192, 21, 98021, '2023-06-27 00:13:57', '2023-06-27 00:13:57', NULL),
	(120, 126, 93, 5173, '2023-06-27 00:13:57', '2023-06-27 00:13:57', NULL),
	(121, 126, 70, 49471, '2023-06-27 00:13:57', '2023-06-27 00:13:57', NULL),
	(122, 126, 36, 64542, '2023-06-27 00:13:57', '2023-06-27 00:13:57', NULL),
	(123, 51, 44, 43579, '2023-06-27 00:13:57', '2023-06-27 00:13:57', NULL),
	(124, 51, 34, 52061, '2023-06-27 00:13:57', '2023-06-27 00:13:57', NULL),
	(125, 51, 43, 84235, '2023-06-27 00:13:57', '2023-06-27 00:13:57', NULL),
	(126, 139, 54, 34493, '2023-06-27 00:13:57', '2023-06-27 00:13:57', NULL),
	(127, 139, 78, 25080, '2023-06-27 00:13:57', '2023-06-27 00:13:57', NULL),
	(128, 139, 68, 112521, '2023-06-27 00:13:57', '2023-06-27 00:13:57', NULL),
	(129, 13, 92, 65744, '2023-06-27 00:13:57', '2023-06-27 00:13:57', NULL),
	(130, 13, 70, 70573, '2023-06-27 00:13:57', '2023-06-27 00:13:57', NULL),
	(131, 13, 39, 95980, '2023-06-27 00:13:57', '2023-06-27 00:13:57', NULL),
	(132, 13, 61, 158108, '2023-06-27 00:13:57', '2023-06-27 00:13:57', NULL),
	(133, 9, 20, 70086, '2023-06-27 00:13:57', '2023-06-27 00:13:57', NULL),
	(134, 9, 5, 131457, '2023-06-27 00:13:57', '2023-06-27 00:13:57', NULL),
	(135, 9, 94, 29154, '2023-06-27 00:13:57', '2023-06-27 00:13:57', NULL),
	(136, 147, 100, 45244, '2023-06-27 00:13:57', '2023-06-27 00:13:57', NULL),
	(137, 122, 92, 128790, '2023-06-27 00:13:57', '2023-06-27 00:13:57', NULL),
	(138, 122, 14, 137453, '2023-06-27 00:13:57', '2023-06-27 00:13:57', NULL),
	(139, 189, 26, 53548, '2023-06-27 00:13:57', '2023-06-27 00:13:57', NULL),
	(140, 189, 52, 38501, '2023-06-27 00:13:57', '2023-06-27 00:13:57', NULL),
	(145, 81, 82, 13571, '2023-06-27 00:13:57', '2023-06-27 00:13:57', NULL),
	(146, 185, 68, 7195, '2023-06-27 00:13:57', '2023-06-27 00:13:57', NULL),
	(147, 185, 52, 84429, '2023-06-27 00:13:57', '2023-06-27 00:13:57', NULL),
	(148, 185, 81, 69423, '2023-06-27 00:13:57', '2023-06-27 00:13:57', NULL),
	(149, 60, 2, 23570, '2023-06-27 00:13:57', '2023-06-27 00:13:57', NULL),
	(150, 60, 8, 62017, '2023-06-27 00:13:57', '2023-06-27 00:13:57', NULL),
	(151, 171, 42, 133221, '2023-06-27 00:13:57', '2023-06-27 00:13:57', NULL),
	(152, 171, 66, 7003, '2023-06-27 00:13:57', '2023-06-27 00:13:57', NULL),
	(153, 85, 21, 121367, '2023-06-27 00:13:57', '2023-06-27 00:13:57', NULL),
	(154, 85, 5, 15924, '2023-06-27 00:13:57', '2023-06-27 00:13:57', NULL),
	(155, 85, 45, 20908, '2023-06-27 00:13:57', '2023-06-27 00:13:57', NULL),
	(156, 85, 39, 53138, '2023-06-27 00:13:57', '2023-06-27 00:13:57', NULL),
	(157, 17, 86, 126676, '2023-06-27 00:13:57', '2023-06-27 00:13:57', NULL),
	(158, 17, 9, 41993, '2023-06-27 00:13:57', '2023-06-27 00:13:57', NULL),
	(159, 17, 98, 114315, '2023-06-27 00:13:57', '2023-06-27 00:13:57', NULL),
	(160, 94, 59, 144565, '2023-06-27 00:13:57', '2023-06-27 00:13:57', NULL),
	(161, 94, 31, 113180, '2023-06-27 00:13:57', '2023-06-27 00:13:57', NULL),
	(162, 66, 13, 80473, '2023-06-27 00:13:57', '2023-06-27 00:13:57', NULL),
	(163, 144, 43, 92148, '2023-06-27 00:13:57', '2023-06-27 00:13:57', NULL),
	(164, 144, 67, 148370, '2023-06-27 00:13:57', '2023-06-27 00:13:57', NULL),
	(165, 144, 49, 34924, '2023-06-27 00:13:57', '2023-06-27 00:13:57', NULL),
	(166, 144, 88, 135970, '2023-06-27 00:13:57', '2023-06-27 00:13:57', NULL),
	(167, 29, 100, 121894, '2023-06-27 00:13:57', '2023-06-27 00:13:57', NULL),
	(168, 97, 40, 54015, '2023-06-27 00:13:57', '2023-06-27 00:13:57', NULL),
	(169, 97, 61, 41577, '2023-06-27 00:13:57', '2023-06-27 00:13:57', NULL),
	(170, 97, 69, 91267, '2023-06-27 00:13:57', '2023-06-27 00:13:57', NULL),
	(171, 97, 100, 129440, '2023-06-27 00:13:57', '2023-06-27 00:13:57', NULL),
	(172, 195, 66, 57559, '2023-06-27 00:13:57', '2023-06-27 00:13:57', NULL),
	(173, 195, 98, 18925, '2023-06-27 00:13:57', '2023-06-27 00:13:57', NULL),
	(174, 178, 60, 37306, '2023-06-27 00:13:57', '2023-06-27 00:13:57', NULL),
	(175, 178, 44, 38573, '2023-06-27 00:13:57', '2023-06-27 00:13:57', NULL),
	(176, 64, 50, 121185, '2023-06-27 00:13:57', '2023-06-27 00:13:57', NULL),
	(177, 64, 78, 110008, '2023-06-27 00:13:57', '2023-06-27 00:13:57', NULL),
	(178, 4, 95, 68333, '2023-06-27 00:13:57', '2023-06-27 00:13:57', NULL),
	(179, 200, 94, 31723, '2023-06-27 00:13:57', '2023-06-27 00:13:57', NULL),
	(180, 200, 49, 129424, '2023-06-27 00:13:57', '2023-06-27 00:13:57', NULL),
	(181, 200, 74, 121104, '2023-06-27 00:13:57', '2023-06-27 00:13:57', NULL),
	(182, 200, 70, 123534, '2023-06-27 00:13:57', '2023-06-27 00:13:57', NULL),
	(183, 30, 99, 161997, '2023-06-27 00:13:57', '2023-06-27 00:13:57', NULL),
	(184, 30, 26, 78114, '2023-06-27 00:13:57', '2023-06-27 00:13:57', NULL),
	(185, 30, 57, 118581, '2023-06-27 00:13:57', '2023-06-27 00:13:57', NULL),
	(186, 67, 63, 89033, '2023-06-27 00:13:57', '2023-06-27 00:13:57', NULL),
	(187, 67, 69, 136784, '2023-06-27 00:13:57', '2023-06-27 00:13:57', NULL),
	(188, 67, 42, 168767, '2023-06-27 00:13:57', '2023-06-27 00:13:57', NULL),
	(189, 7, 16, 143103, '2023-06-27 00:13:57', '2023-06-27 00:13:57', NULL),
	(190, 7, 24, 161718, '2023-06-27 00:13:57', '2023-06-27 00:13:57', NULL),
	(191, 7, 7, 134158, '2023-06-27 00:13:57', '2023-06-27 00:13:57', NULL),
	(192, 3, 75, 27764, '2023-06-27 00:13:57', '2023-06-27 00:13:57', NULL),
	(193, 3, 35, 168860, '2023-06-27 00:13:57', '2023-06-27 00:13:57', NULL),
	(194, 136, 59, 96186, '2023-06-27 00:13:57', '2023-06-27 00:13:57', NULL),
	(195, 136, 74, 91525, '2023-06-27 00:13:57', '2023-06-27 00:13:57', NULL),
	(196, 136, 23, 164667, '2023-06-27 00:13:57', '2023-06-27 00:13:57', NULL),
	(197, 27, 21, 128256, '2023-06-27 00:13:57', '2023-06-27 00:13:57', NULL),
	(198, 27, 59, 146154, '2023-06-27 00:13:57', '2023-06-27 00:13:57', NULL),
	(199, 61, 68, 160395, '2023-06-27 00:13:57', '2023-06-27 00:13:57', NULL),
	(200, 61, 98, 135771, '2023-06-27 00:13:57', '2023-06-27 00:13:57', NULL),
	(201, 196, 96, 114461, '2023-06-27 00:13:57', '2023-06-27 00:13:57', NULL),
	(202, 188, 84, 44605, '2023-06-27 00:13:57', '2023-06-27 00:13:57', NULL),
	(203, 188, 96, 168679, '2023-06-27 00:13:57', '2023-06-27 00:13:57', NULL),
	(204, 188, 7, 159247, '2023-06-27 00:13:57', '2023-06-27 00:13:57', NULL),
	(205, 188, 59, 153556, '2023-06-27 00:13:57', '2023-06-27 00:13:57', NULL),
	(206, 143, 29, 57487, '2023-06-27 00:13:57', '2023-06-27 00:13:57', NULL),
	(207, 143, 2, 166556, '2023-06-27 00:13:57', '2023-06-27 00:13:57', NULL),
	(208, 194, 58, 98377, '2023-06-27 00:13:57', '2023-06-27 00:13:57', NULL),
	(209, 194, 6, 21979, '2023-06-27 00:13:57', '2023-06-27 00:13:57', NULL),
	(210, 194, 3, 151500, '2023-06-27 00:13:57', '2023-06-27 00:13:57', NULL),
	(211, 57, 48, 136757, '2023-06-27 00:13:57', '2023-06-27 00:13:57', NULL),
	(212, 57, 55, 142486, '2023-06-27 00:13:57', '2023-06-27 00:13:57', NULL),
	(213, 57, 83, 152812, '2023-06-27 00:13:57', '2023-06-27 00:13:57', NULL),
	(214, 57, 37, 60727, '2023-06-27 00:13:57', '2023-06-27 00:13:57', NULL),
	(215, 50, 33, 92823, '2023-06-27 00:13:57', '2023-06-27 00:13:57', NULL),
	(216, 50, 56, 6296, '2023-06-27 00:13:57', '2023-06-27 00:13:57', NULL),
	(217, 50, 71, 61169, '2023-06-27 00:13:57', '2023-06-27 00:13:57', NULL),
	(218, 50, 62, 153947, '2023-06-27 00:13:57', '2023-06-27 00:13:57', NULL),
	(219, 53, 28, 109728, '2023-06-27 00:13:57', '2023-06-27 00:13:57', NULL),
	(220, 53, 69, 26670, '2023-06-27 00:13:57', '2023-06-27 00:13:57', NULL),
	(221, 53, 43, 88393, '2023-06-27 00:13:57', '2023-06-27 00:13:57', NULL),
	(222, 53, 70, 104555, '2023-06-27 00:13:57', '2023-06-27 00:13:57', NULL),
	(223, 72, 65, 104319, '2023-06-27 00:13:57', '2023-06-27 00:13:57', NULL),
	(224, 72, 84, 161892, '2023-06-27 00:13:57', '2023-06-27 00:13:57', NULL),
	(225, 183, 2, 40798, '2023-06-27 00:13:57', '2023-06-27 00:13:57', NULL),
	(226, 26, 59, 131408, '2023-06-27 00:13:57', '2023-06-27 00:13:57', NULL),
	(227, 26, 5, 77499, '2023-06-27 00:13:57', '2023-06-27 00:13:57', NULL),
	(228, 34, 91, 137552, '2023-06-27 00:13:57', '2023-06-27 00:13:57', NULL),
	(229, 34, 43, 139333, '2023-06-27 00:13:57', '2023-06-27 00:13:57', NULL),
	(230, 34, 28, 166581, '2023-06-27 00:13:57', '2023-06-27 00:13:57', NULL),
	(231, 76, 98, 22590, '2023-06-27 00:13:57', '2023-06-27 00:13:57', NULL),
	(232, 76, 13, 79817, '2023-06-27 00:13:57', '2023-06-27 00:13:57', NULL),
	(233, 76, 91, 111169, '2023-06-27 00:13:57', '2023-06-27 00:13:57', NULL),
	(234, 105, 8, 64123, '2023-06-27 00:13:57', '2023-06-27 00:13:57', NULL),
	(235, 105, 34, 129634, '2023-06-27 00:13:57', '2023-06-27 00:13:57', NULL),
	(236, 123, 45, 19698, '2023-06-27 00:13:57', '2023-06-27 00:13:57', NULL),
	(237, 123, 54, 83064, '2023-06-27 00:13:57', '2023-06-27 00:13:57', NULL),
	(238, 123, 27, 29690, '2023-06-27 00:13:57', '2023-06-27 00:13:57', NULL),
	(239, 123, 25, 165167, '2023-06-27 00:13:57', '2023-06-27 00:13:57', NULL),
	(240, 59, 1, 114307, '2023-06-27 00:13:57', '2023-06-27 00:13:57', NULL),
	(241, 59, 17, 81285, '2023-06-27 00:13:57', '2023-06-27 00:13:57', NULL),
	(242, 141, 27, 144492, '2023-06-27 00:13:57', '2023-06-27 00:13:57', NULL),
	(243, 141, 47, 38893, '2023-06-27 00:13:57', '2023-06-27 00:13:57', NULL),
	(244, 16, 7, 18663, '2023-06-27 00:13:57', '2023-06-27 00:13:57', NULL),
	(245, 16, 98, 158758, '2023-06-27 00:13:57', '2023-06-27 00:13:57', NULL),
	(246, 2, 3, 168171, '2023-06-27 00:13:57', '2023-06-27 00:13:57', NULL),
	(247, 2, 32, 41288, '2023-06-27 00:13:57', '2023-06-27 00:13:57', NULL),
	(248, 2, 20, 104713, '2023-06-27 00:13:57', '2023-06-27 00:13:57', NULL),
	(249, 2, 15, 49126, '2023-06-27 00:13:57', '2023-06-27 00:13:57', NULL),
	(250, 5, 80, 27114, '2023-06-27 00:13:57', '2023-06-27 00:13:57', NULL),
	(251, 5, 34, 161472, '2023-06-27 00:13:57', '2023-06-27 00:13:57', NULL),
	(252, 5, 79, 16281, '2023-06-27 00:13:57', '2023-06-27 00:13:57', NULL),
	(253, 119, 41, 160984, '2023-06-27 00:13:57', '2023-06-27 00:13:57', NULL),
	(254, 102, 84, 160341, '2023-06-27 00:13:57', '2023-06-27 00:13:57', NULL),
	(255, 102, 64, 163975, '2023-06-27 00:13:57', '2023-06-27 00:13:57', NULL),
	(256, 25, 42, 68434, '2023-06-27 00:13:57', '2023-06-27 00:13:57', NULL),
	(257, 25, 58, 112462, '2023-06-27 00:13:57', '2023-06-27 00:13:57', NULL),
	(258, 25, 89, 119801, '2023-06-27 00:13:57', '2023-06-27 00:13:57', NULL),
	(259, 180, 89, 143343, '2023-06-27 00:13:57', '2023-06-27 00:13:57', NULL),
	(260, 180, 92, 157463, '2023-06-27 00:13:57', '2023-06-27 00:13:57', NULL),
	(261, 180, 87, 79511, '2023-06-27 00:13:57', '2023-06-27 00:13:57', NULL),
	(262, 180, 34, 62584, '2023-06-27 00:13:57', '2023-06-27 00:13:57', NULL),
	(263, 169, 31, 72776, '2023-06-27 00:13:58', '2023-06-27 00:13:58', NULL),
	(264, 169, 93, 66340, '2023-06-27 00:13:58', '2023-06-27 00:13:58', NULL),
	(265, 169, 54, 97827, '2023-06-27 00:13:58', '2023-06-27 00:13:58', NULL),
	(266, 169, 29, 14674, '2023-06-27 00:13:58', '2023-06-27 00:13:58', NULL),
	(267, 138, 40, 129245, '2023-06-27 00:13:58', '2023-06-27 00:13:58', NULL),
	(268, 152, 86, 71171, '2023-06-27 00:13:58', '2023-06-27 00:13:58', NULL),
	(269, 130, 31, 81727, '2023-06-27 00:13:58', '2023-06-27 00:13:58', NULL),
	(270, 130, 76, 155070, '2023-06-27 00:13:58', '2023-06-27 00:13:58', NULL),
	(271, 130, 3, 152129, '2023-06-27 00:13:58', '2023-06-27 00:13:58', NULL),
	(272, 106, 98, 130221, '2023-06-27 00:13:58', '2023-06-27 00:13:58', NULL),
	(273, 106, 75, 114021, '2023-06-27 00:13:58', '2023-06-27 00:13:58', NULL),
	(274, 78, 46, 133857, '2023-06-27 00:13:58', '2023-06-27 00:13:58', NULL),
	(275, 78, 35, 104051, '2023-06-27 00:13:58', '2023-06-27 00:13:58', NULL),
	(276, 39, 35, 135700, '2023-06-27 00:13:58', '2023-06-27 00:13:58', NULL),
	(277, 39, 19, 147440, '2023-06-27 00:13:58', '2023-06-27 00:13:58', NULL),
	(278, 39, 51, 68829, '2023-06-27 00:13:58', '2023-06-27 00:13:58', NULL),
	(279, 39, 68, 59877, '2023-06-27 00:13:58', '2023-06-27 00:13:58', NULL),
	(280, 165, 78, 40989, '2023-06-27 00:13:58', '2023-06-27 00:13:58', NULL),
	(281, 165, 53, 100389, '2023-06-27 00:13:58', '2023-06-27 00:13:58', NULL),
	(282, 172, 65, 78854, '2023-06-27 00:13:58', '2023-06-27 00:13:58', NULL),
	(283, 172, 56, 103501, '2023-06-27 00:13:58', '2023-06-27 00:13:58', NULL),
	(284, 172, 43, 70772, '2023-06-27 00:13:58', '2023-06-27 00:13:58', NULL),
	(285, 107, 77, 158365, '2023-06-27 00:13:58', '2023-06-27 00:13:58', NULL),
	(286, 114, 56, 137543, '2023-06-27 00:13:58', '2023-06-27 00:13:58', NULL),
	(287, 114, 40, 90025, '2023-06-27 00:13:58', '2023-06-27 00:13:58', NULL),
	(288, 114, 47, 134357, '2023-06-27 00:13:58', '2023-06-27 00:13:58', NULL),
	(289, 198, 82, 69624, '2023-06-27 00:13:58', '2023-06-27 00:13:58', NULL),
	(290, 198, 10, 121585, '2023-06-27 00:13:58', '2023-06-27 00:13:58', NULL),
	(291, 198, 39, 103925, '2023-06-27 00:13:58', '2023-06-27 00:13:58', NULL),
	(292, 198, 89, 65240, '2023-06-27 00:13:58', '2023-06-27 00:13:58', NULL),
	(293, 128, 1, 91965, '2023-06-27 00:13:58', '2023-06-27 00:13:58', NULL),
	(294, 128, 64, 12222, '2023-06-27 00:13:58', '2023-06-27 00:13:58', NULL),
	(295, 128, 22, 6364, '2023-06-27 00:13:58', '2023-06-27 00:13:58', NULL),
	(296, 128, 39, 27422, '2023-06-27 00:13:58', '2023-06-27 00:13:58', NULL),
	(297, 186, 98, 87733, '2023-06-27 00:13:58', '2023-06-27 00:13:58', NULL),
	(298, 186, 68, 107151, '2023-06-27 00:13:58', '2023-06-27 00:13:58', NULL),
	(299, 186, 42, 117848, '2023-06-27 00:13:58', '2023-06-27 00:13:58', NULL),
	(300, 124, 96, 79403, '2023-06-27 00:13:58', '2023-06-27 00:13:58', NULL),
	(301, 124, 61, 156852, '2023-06-27 00:13:58', '2023-06-27 00:13:58', NULL),
	(302, 124, 22, 16213, '2023-06-27 00:13:58', '2023-06-27 00:13:58', NULL),
	(303, 109, 45, 114779, '2023-06-27 00:13:58', '2023-06-27 00:13:58', NULL),
	(304, 109, 62, 143457, '2023-06-27 00:13:58', '2023-06-27 00:13:58', NULL),
	(305, 109, 78, 167284, '2023-06-27 00:13:58', '2023-06-27 00:13:58', NULL),
	(306, 84, 11, 50910, '2023-06-27 00:13:58', '2023-06-27 00:13:58', NULL),
	(307, 84, 14, 63479, '2023-06-27 00:13:58', '2023-06-27 00:13:58', NULL),
	(308, 69, 66, 7319, '2023-06-27 00:13:58', '2023-06-27 00:13:58', NULL),
	(309, 69, 13, 94609, '2023-06-27 00:13:58', '2023-06-27 00:13:58', NULL),
	(310, 69, 38, 63353, '2023-06-27 00:13:58', '2023-06-27 00:13:58', NULL),
	(311, 18, 32, 14497, '2023-06-27 00:13:58', '2023-06-27 00:13:58', NULL),
	(312, 18, 87, 83388, '2023-06-27 00:13:58', '2023-06-27 00:13:58', NULL),
	(313, 88, 63, 98620, '2023-06-27 00:13:58', '2023-06-27 00:13:58', NULL),
	(314, 88, 24, 10281, '2023-06-27 00:13:58', '2023-06-27 00:13:58', NULL),
	(315, 131, 98, 164241, '2023-06-27 00:13:58', '2023-06-27 00:13:58', NULL),
	(316, 131, 15, 51940, '2023-06-27 00:13:58', '2023-06-27 00:13:58', NULL),
	(317, 131, 85, 153311, '2023-06-27 00:13:58', '2023-06-27 00:13:58', NULL),
	(318, 131, 27, 112042, '2023-06-27 00:13:58', '2023-06-27 00:13:58', NULL),
	(319, 62, 81, 122366, '2023-06-27 00:13:58', '2023-06-27 00:13:58', NULL),
	(320, 62, 77, 169433, '2023-06-27 00:13:58', '2023-06-27 00:13:58', NULL),
	(321, 62, 67, 117550, '2023-06-27 00:13:58', '2023-06-27 00:13:58', NULL),
	(322, 49, 40, 17114, '2023-06-27 00:13:58', '2023-06-27 00:13:58', NULL),
	(323, 49, 54, 14873, '2023-06-27 00:13:58', '2023-06-27 00:13:58', NULL),
	(324, 167, 47, 35693, '2023-06-27 00:13:58', '2023-06-27 00:13:58', NULL),
	(325, 167, 5, 164113, '2023-06-27 00:13:58', '2023-06-27 00:13:58', NULL),
	(326, 108, 31, 63154, '2023-06-27 00:13:58', '2023-06-27 00:13:58', NULL),
	(327, 108, 10, 84196, '2023-06-27 00:13:58', '2023-06-27 00:13:58', NULL),
	(328, 146, 57, 145335, '2023-06-27 00:13:58', '2023-06-27 00:13:58', NULL),
	(329, 146, 56, 118955, '2023-06-27 00:13:58', '2023-06-27 00:13:58', NULL),
	(330, 146, 88, 22427, '2023-06-27 00:13:58', '2023-06-27 00:13:58', NULL),
	(331, 146, 15, 135670, '2023-06-27 00:13:58', '2023-06-27 00:13:58', NULL),
	(332, 41, 60, 58603, '2023-06-27 00:13:58', '2023-06-27 00:13:58', NULL),
	(333, 41, 56, 117550, '2023-06-27 00:13:58', '2023-06-27 00:13:58', NULL),
	(334, 120, 85, 167412, '2023-06-27 00:13:58', '2023-06-27 00:13:58', NULL),
	(335, 120, 88, 35253, '2023-06-27 00:13:58', '2023-06-27 00:13:58', NULL),
	(336, 120, 48, 78600, '2023-06-27 00:13:58', '2023-06-27 00:13:58', NULL),
	(337, 184, 44, 109171, '2023-06-27 00:13:58', '2023-06-27 00:13:58', NULL),
	(338, 75, 90, 112957, '2023-06-27 00:13:58', '2023-06-27 00:13:58', NULL),
	(339, 44, 37, 167913, '2023-06-27 00:13:58', '2023-06-27 00:13:58', NULL),
	(340, 44, 31, 150397, '2023-06-27 00:13:58', '2023-06-27 00:13:58', NULL),
	(341, 44, 88, 33633, '2023-06-27 00:13:58', '2023-06-27 00:13:58', NULL),
	(342, 44, 94, 45985, '2023-06-27 00:13:58', '2023-06-27 00:13:58', NULL),
	(343, 135, 75, 8137, '2023-06-27 00:13:58', '2023-06-27 00:13:58', NULL),
	(344, 177, 95, 102296, '2023-06-27 00:13:58', '2023-06-27 00:13:58', NULL),
	(345, 177, 42, 126118, '2023-06-27 00:13:58', '2023-06-27 00:13:58', NULL),
	(346, 177, 82, 37426, '2023-06-27 00:13:58', '2023-06-27 00:13:58', NULL),
	(347, 177, 10, 163654, '2023-06-27 00:13:58', '2023-06-27 00:13:58', NULL),
	(348, 10, 79, 89087, '2023-06-27 00:13:58', '2023-06-27 00:13:58', NULL),
	(349, 10, 85, 116266, '2023-06-27 00:13:58', '2023-06-27 00:13:58', NULL),
	(350, 98, 41, 68882, '2023-06-27 00:13:58', '2023-06-27 00:13:58', NULL),
	(351, 98, 31, 34562, '2023-06-27 00:13:58', '2023-06-27 00:13:58', NULL),
	(352, 98, 68, 50049, '2023-06-27 00:13:58', '2023-06-27 00:13:58', NULL),
	(353, 58, 17, 159494, '2023-06-27 00:13:58', '2023-06-27 00:13:58', NULL),
	(354, 58, 9, 98930, '2023-06-27 00:13:58', '2023-06-27 00:13:58', NULL),
	(355, 58, 5, 93862, '2023-06-27 00:13:58', '2023-06-27 00:13:58', NULL),
	(356, 58, 67, 42160, '2023-06-27 00:13:58', '2023-06-27 00:13:58', NULL),
	(357, 145, 62, 64039, '2023-06-27 00:13:58', '2023-06-27 00:13:58', NULL),
	(358, 145, 70, 73635, '2023-06-27 00:13:58', '2023-06-27 00:13:58', NULL),
	(359, 191, 48, 40412, '2023-06-27 00:13:58', '2023-06-27 00:13:58', NULL),
	(360, 191, 67, 156898, '2023-06-27 00:13:58', '2023-06-27 00:13:58', NULL),
	(361, 153, 34, 80376, '2023-06-27 00:13:58', '2023-06-27 00:13:58', NULL),
	(362, 153, 77, 66148, '2023-06-27 00:13:58', '2023-06-27 00:13:58', NULL),
	(363, 8, 18, 99206, '2023-06-27 00:13:58', '2023-06-27 00:13:58', NULL),
	(364, 8, 82, 31216, '2023-06-27 00:13:58', '2023-06-27 00:13:58', NULL),
	(365, 166, 25, 28818, '2023-06-27 00:13:58', '2023-06-27 00:13:58', NULL),
	(366, 166, 11, 40272, '2023-06-27 00:13:58', '2023-06-27 00:13:58', NULL),
	(367, 187, 40, 136324, '2023-06-27 00:13:58', '2023-06-27 00:13:58', NULL),
	(368, 187, 22, 115731, '2023-06-27 00:13:58', '2023-06-27 00:13:58', NULL),
	(369, 187, 83, 7775, '2023-06-27 00:13:58', '2023-06-27 00:13:58', NULL),
	(370, 187, 86, 19729, '2023-06-27 00:13:58', '2023-06-27 00:13:58', NULL),
	(371, 79, 43, 146609, '2023-06-27 00:13:58', '2023-06-27 00:13:58', NULL),
	(372, 79, 15, 96862, '2023-06-27 00:13:58', '2023-06-27 00:13:58', NULL),
	(380, 1, 1, 10000, '2023-06-27 19:27:46', '2023-06-27 19:27:46', 'cvs/yNJtG1X9lp3z2p4qxD1tMsBhsWd9MKPwuFssSqkt.pdf'),
	(381, 1, 2, 90000, '2023-06-27 19:28:59', '2023-06-27 19:28:59', 'cvs/sLK4KG6XVVl4LPZR4U6pKV2rbSBQPvmzRvC3cGkR.pdf'),
	(382, 1, 4, 1000, '2023-06-27 19:42:36', '2023-06-27 19:42:36', 'cvs/7nHlfi5YJRtmgGXIHxYDmvfMWeKqB97hpe1tK7ds.pdf');

-- Dumping structure for table cl_jobboard.migrations
DROP TABLE IF EXISTS `migrations`;
CREATE TABLE IF NOT EXISTS `migrations` (
  `id` int unsigned NOT NULL AUTO_INCREMENT,
  `migration` varchar(255) COLLATE utf8mb4_unicode_ci NOT NULL,
  `batch` int NOT NULL,
  PRIMARY KEY (`id`)
) ENGINE=InnoDB AUTO_INCREMENT=9 DEFAULT CHARSET=utf8mb4 COLLATE=utf8mb4_unicode_ci;

-- Dumping data for table cl_jobboard.migrations: ~0 rows (approximately)
DELETE FROM `migrations`;
INSERT INTO `migrations` (`id`, `migration`, `batch`) VALUES
	(1, '2014_10_12_000000_create_users_table', 1),
	(2, '2014_10_12_100000_create_password_reset_tokens_table', 1),
	(3, '2019_08_19_000000_create_failed_jobs_table', 1),
	(4, '2019_12_14_000001_create_personal_access_tokens_table', 1),
	(5, '2023_06_26_074426_create_jobs_table', 1),
	(6, '2023_06_27_033604_create_employers_table', 1),
	(7, '2023_06_27_080519_create_job_applications_table', 1),
	(8, '2023_06_28_031311_add_cv_path_to_job_applications_table', 2);

-- Dumping structure for table cl_jobboard.password_reset_tokens
DROP TABLE IF EXISTS `password_reset_tokens`;
CREATE TABLE IF NOT EXISTS `password_reset_tokens` (
  `email` varchar(255) COLLATE utf8mb4_unicode_ci NOT NULL,
  `token` varchar(255) COLLATE utf8mb4_unicode_ci NOT NULL,
  `created_at` timestamp NULL DEFAULT NULL,
  PRIMARY KEY (`email`)
) ENGINE=InnoDB DEFAULT CHARSET=utf8mb4 COLLATE=utf8mb4_unicode_ci;

-- Dumping data for table cl_jobboard.password_reset_tokens: ~0 rows (approximately)
DELETE FROM `password_reset_tokens`;

-- Dumping structure for table cl_jobboard.personal_access_tokens
DROP TABLE IF EXISTS `personal_access_tokens`;
CREATE TABLE IF NOT EXISTS `personal_access_tokens` (
  `id` bigint unsigned NOT NULL AUTO_INCREMENT,
  `tokenable_type` varchar(255) COLLATE utf8mb4_unicode_ci NOT NULL,
  `tokenable_id` bigint unsigned NOT NULL,
  `name` varchar(255) COLLATE utf8mb4_unicode_ci NOT NULL,
  `token` varchar(64) COLLATE utf8mb4_unicode_ci NOT NULL,
  `abilities` text COLLATE utf8mb4_unicode_ci,
  `last_used_at` timestamp NULL DEFAULT NULL,
  `expires_at` timestamp NULL DEFAULT NULL,
  `created_at` timestamp NULL DEFAULT NULL,
  `updated_at` timestamp NULL DEFAULT NULL,
  PRIMARY KEY (`id`),
  UNIQUE KEY `personal_access_tokens_token_unique` (`token`),
  KEY `personal_access_tokens_tokenable_type_tokenable_id_index` (`tokenable_type`,`tokenable_id`)
) ENGINE=InnoDB DEFAULT CHARSET=utf8mb4 COLLATE=utf8mb4_unicode_ci;

-- Dumping data for table cl_jobboard.personal_access_tokens: ~0 rows (approximately)
DELETE FROM `personal_access_tokens`;

-- Dumping structure for table cl_jobboard.users
DROP TABLE IF EXISTS `users`;
CREATE TABLE IF NOT EXISTS `users` (
  `id` bigint unsigned NOT NULL AUTO_INCREMENT,
  `name` varchar(255) COLLATE utf8mb4_unicode_ci NOT NULL,
  `email` varchar(255) COLLATE utf8mb4_unicode_ci NOT NULL,
  `email_verified_at` timestamp NULL DEFAULT NULL,
  `password` varchar(255) COLLATE utf8mb4_unicode_ci NOT NULL,
  `remember_token` varchar(100) COLLATE utf8mb4_unicode_ci DEFAULT NULL,
  `created_at` timestamp NULL DEFAULT NULL,
  `updated_at` timestamp NULL DEFAULT NULL,
  PRIMARY KEY (`id`),
  UNIQUE KEY `users_email_unique` (`email`)
) ENGINE=InnoDB AUTO_INCREMENT=202 DEFAULT CHARSET=utf8mb4 COLLATE=utf8mb4_unicode_ci;

-- Dumping data for table cl_jobboard.users: ~201 rows (approximately)
DELETE FROM `users`;
INSERT INTO `users` (`id`, `name`, `email`, `email_verified_at`, `password`, `remember_token`, `created_at`, `updated_at`) VALUES
	(1, 'Chen Lay', 'info@chanmyaemaung.net', '2023-06-27 00:13:55', '$2y$10$92IXUNpkjO0rOQ5byMi.Ye4oKoEa3Ro9llC/.og/at2.uheWG/igi', 'FwbrHVBONZVD8leutzQi5DUKCU0uaK7S38ArJo08UogBupa9liLUru4D3PZM', '2023-06-27 00:13:55', '2023-06-27 00:13:55'),
	(2, 'Ms. Ariane Bernier', 'tania.wuckert@example.com', '2023-06-27 00:13:55', '$2y$10$92IXUNpkjO0rOQ5byMi.Ye4oKoEa3Ro9llC/.og/at2.uheWG/igi', 'btygu6eu00', '2023-06-27 00:13:55', '2023-06-27 00:13:55'),
	(3, 'Tessie Kling', 'igraham@example.org', '2023-06-27 00:13:55', '$2y$10$92IXUNpkjO0rOQ5byMi.Ye4oKoEa3Ro9llC/.og/at2.uheWG/igi', 'P2ypJSonUZ', '2023-06-27 00:13:55', '2023-06-27 00:13:55'),
	(4, 'Prof. Nicholas Dooley', 'alexandria31@example.com', '2023-06-27 00:13:55', '$2y$10$92IXUNpkjO0rOQ5byMi.Ye4oKoEa3Ro9llC/.og/at2.uheWG/igi', 'XAZE8qHAPB', '2023-06-27 00:13:55', '2023-06-27 00:13:55'),
	(5, 'Dr. Quincy Blanda PhD', 'durward.streich@example.com', '2023-06-27 00:13:55', '$2y$10$92IXUNpkjO0rOQ5byMi.Ye4oKoEa3Ro9llC/.og/at2.uheWG/igi', 'p0Iq6nT1Wa', '2023-06-27 00:13:55', '2023-06-27 00:13:55'),
	(6, 'Lew Sipes', 'gislason.logan@example.net', '2023-06-27 00:13:55', '$2y$10$92IXUNpkjO0rOQ5byMi.Ye4oKoEa3Ro9llC/.og/at2.uheWG/igi', 'Ww0RR6bl8N', '2023-06-27 00:13:55', '2023-06-27 00:13:55'),
	(7, 'Carmelo Moore', 'jerod08@example.net', '2023-06-27 00:13:55', '$2y$10$92IXUNpkjO0rOQ5byMi.Ye4oKoEa3Ro9llC/.og/at2.uheWG/igi', 'hrp8bOeGWJ', '2023-06-27 00:13:55', '2023-06-27 00:13:55'),
	(8, 'Xander Daniel', 'lyla71@example.com', '2023-06-27 00:13:55', '$2y$10$92IXUNpkjO0rOQ5byMi.Ye4oKoEa3Ro9llC/.og/at2.uheWG/igi', 'PbRSLVJu4K', '2023-06-27 00:13:55', '2023-06-27 00:13:55'),
	(9, 'Mr. Jace Schoen', 'rau.zoey@example.com', '2023-06-27 00:13:55', '$2y$10$92IXUNpkjO0rOQ5byMi.Ye4oKoEa3Ro9llC/.og/at2.uheWG/igi', 'XPpY7rOX9h', '2023-06-27 00:13:55', '2023-06-27 00:13:55'),
	(10, 'Mr. Andy Quitzon', 'qgrant@example.com', '2023-06-27 00:13:55', '$2y$10$92IXUNpkjO0rOQ5byMi.Ye4oKoEa3Ro9llC/.og/at2.uheWG/igi', 'yFmVabbnVX', '2023-06-27 00:13:55', '2023-06-27 00:13:55'),
	(11, 'Dr. Keeley Moore MD', 'cthiel@example.net', '2023-06-27 00:13:55', '$2y$10$92IXUNpkjO0rOQ5byMi.Ye4oKoEa3Ro9llC/.og/at2.uheWG/igi', 'fWntr3UKwI', '2023-06-27 00:13:55', '2023-06-27 00:13:55'),
	(12, 'Brisa Hahn', 'arlo.oconnell@example.org', '2023-06-27 00:13:55', '$2y$10$92IXUNpkjO0rOQ5byMi.Ye4oKoEa3Ro9llC/.og/at2.uheWG/igi', '6DZfhRb2nt', '2023-06-27 00:13:55', '2023-06-27 00:13:55'),
	(13, 'Beverly Terry', 'jacklyn49@example.com', '2023-06-27 00:13:55', '$2y$10$92IXUNpkjO0rOQ5byMi.Ye4oKoEa3Ro9llC/.og/at2.uheWG/igi', '1WohJFeE4Btan9EEhOyPQa36NgbjnQRkiSj4IA771oCBhEsIMFmT0HZnJ1Xh', '2023-06-27 00:13:55', '2023-06-27 00:13:55'),
	(14, 'Sibyl Willms II', 'ptremblay@example.net', '2023-06-27 00:13:55', '$2y$10$92IXUNpkjO0rOQ5byMi.Ye4oKoEa3Ro9llC/.og/at2.uheWG/igi', 'M8OKM0GfJ2', '2023-06-27 00:13:55', '2023-06-27 00:13:55'),
	(15, 'Jermey Nader', 'carter.yundt@example.org', '2023-06-27 00:13:55', '$2y$10$92IXUNpkjO0rOQ5byMi.Ye4oKoEa3Ro9llC/.og/at2.uheWG/igi', 'qM8xcUwDRF', '2023-06-27 00:13:55', '2023-06-27 00:13:55'),
	(16, 'Jettie Ratke', 'hessel.austin@example.net', '2023-06-27 00:13:55', '$2y$10$92IXUNpkjO0rOQ5byMi.Ye4oKoEa3Ro9llC/.og/at2.uheWG/igi', 'eEFLlgkR4U', '2023-06-27 00:13:55', '2023-06-27 00:13:55'),
	(17, 'Coty Huels', 'vickie.watsica@example.com', '2023-06-27 00:13:55', '$2y$10$92IXUNpkjO0rOQ5byMi.Ye4oKoEa3Ro9llC/.og/at2.uheWG/igi', 'AN0hktkCHM', '2023-06-27 00:13:55', '2023-06-27 00:13:55'),
	(18, 'Mr. Donnell Daugherty IV', 'lloyd28@example.net', '2023-06-27 00:13:55', '$2y$10$92IXUNpkjO0rOQ5byMi.Ye4oKoEa3Ro9llC/.og/at2.uheWG/igi', '1UhHXcFBZC', '2023-06-27 00:13:55', '2023-06-27 00:13:55'),
	(19, 'Mrs. Larissa Wolf', 'pgreenfelder@example.net', '2023-06-27 00:13:55', '$2y$10$92IXUNpkjO0rOQ5byMi.Ye4oKoEa3Ro9llC/.og/at2.uheWG/igi', 'J1A9i2xOy7', '2023-06-27 00:13:55', '2023-06-27 00:13:55'),
	(20, 'Americo Lueilwitz MD', 'emily87@example.net', '2023-06-27 00:13:55', '$2y$10$92IXUNpkjO0rOQ5byMi.Ye4oKoEa3Ro9llC/.og/at2.uheWG/igi', 'fLocxGZwFZ', '2023-06-27 00:13:55', '2023-06-27 00:13:55'),
	(21, 'Kacie Waelchi', 'gottlieb.lelia@example.net', '2023-06-27 00:13:55', '$2y$10$92IXUNpkjO0rOQ5byMi.Ye4oKoEa3Ro9llC/.og/at2.uheWG/igi', 'hP2oEaV4i9', '2023-06-27 00:13:55', '2023-06-27 00:13:55'),
	(22, 'Walker O\'Connell', 'vsawayn@example.com', '2023-06-27 00:13:55', '$2y$10$92IXUNpkjO0rOQ5byMi.Ye4oKoEa3Ro9llC/.og/at2.uheWG/igi', 'M3bqy9rwn3', '2023-06-27 00:13:55', '2023-06-27 00:13:55'),
	(23, 'Mr. Maverick Schmidt DDS', 'mckenzie72@example.net', '2023-06-27 00:13:55', '$2y$10$92IXUNpkjO0rOQ5byMi.Ye4oKoEa3Ro9llC/.og/at2.uheWG/igi', 'pUtp87PyHN', '2023-06-27 00:13:55', '2023-06-27 00:13:55'),
	(24, 'Beryl Terry', 'brisa.vandervort@example.net', '2023-06-27 00:13:55', '$2y$10$92IXUNpkjO0rOQ5byMi.Ye4oKoEa3Ro9llC/.og/at2.uheWG/igi', 'kguOPYMEmX', '2023-06-27 00:13:55', '2023-06-27 00:13:55'),
	(25, 'Jackson Moen', 'schaefer.elenora@example.net', '2023-06-27 00:13:55', '$2y$10$92IXUNpkjO0rOQ5byMi.Ye4oKoEa3Ro9llC/.og/at2.uheWG/igi', 'lOkZrun3Ss', '2023-06-27 00:13:55', '2023-06-27 00:13:55'),
	(26, 'Prof. Stewart Luettgen DVM', 'crona.greyson@example.com', '2023-06-27 00:13:55', '$2y$10$92IXUNpkjO0rOQ5byMi.Ye4oKoEa3Ro9llC/.og/at2.uheWG/igi', 'I1PMKZKvza', '2023-06-27 00:13:55', '2023-06-27 00:13:55'),
	(27, 'Dr. Brooks Schowalter III', 'gilberto.pacocha@example.net', '2023-06-27 00:13:55', '$2y$10$92IXUNpkjO0rOQ5byMi.Ye4oKoEa3Ro9llC/.og/at2.uheWG/igi', 'K5O2mOGoDL', '2023-06-27 00:13:55', '2023-06-27 00:13:55'),
	(28, 'Hassie Bernhard', 'cleta.shanahan@example.net', '2023-06-27 00:13:55', '$2y$10$92IXUNpkjO0rOQ5byMi.Ye4oKoEa3Ro9llC/.og/at2.uheWG/igi', 'DIRSftURw3', '2023-06-27 00:13:55', '2023-06-27 00:13:55'),
	(29, 'Mrs. Marquise Bosco DVM', 'vern12@example.org', '2023-06-27 00:13:55', '$2y$10$92IXUNpkjO0rOQ5byMi.Ye4oKoEa3Ro9llC/.og/at2.uheWG/igi', 'j3c842YWUl', '2023-06-27 00:13:55', '2023-06-27 00:13:55'),
	(30, 'Osbaldo Bartoletti MD', 'daija.jacobs@example.org', '2023-06-27 00:13:55', '$2y$10$92IXUNpkjO0rOQ5byMi.Ye4oKoEa3Ro9llC/.og/at2.uheWG/igi', 'zK2q2gxPP4', '2023-06-27 00:13:55', '2023-06-27 00:13:55'),
	(31, 'Vella Abernathy', 'wrussel@example.net', '2023-06-27 00:13:55', '$2y$10$92IXUNpkjO0rOQ5byMi.Ye4oKoEa3Ro9llC/.og/at2.uheWG/igi', 'IHTTKha8Lu', '2023-06-27 00:13:55', '2023-06-27 00:13:55'),
	(32, 'Isac Robel', 'ethelyn.tremblay@example.com', '2023-06-27 00:13:55', '$2y$10$92IXUNpkjO0rOQ5byMi.Ye4oKoEa3Ro9llC/.og/at2.uheWG/igi', 'XkY95VTUDS', '2023-06-27 00:13:55', '2023-06-27 00:13:55'),
	(33, 'Ms. Clarissa Schultz DDS', 'tatyana.herzog@example.org', '2023-06-27 00:13:55', '$2y$10$92IXUNpkjO0rOQ5byMi.Ye4oKoEa3Ro9llC/.og/at2.uheWG/igi', 'EZyx0mpxcK', '2023-06-27 00:13:55', '2023-06-27 00:13:55'),
	(34, 'Gabriella Flatley', 'treichel@example.com', '2023-06-27 00:13:55', '$2y$10$92IXUNpkjO0rOQ5byMi.Ye4oKoEa3Ro9llC/.og/at2.uheWG/igi', 'CpRIA3uyXa', '2023-06-27 00:13:55', '2023-06-27 00:13:55'),
	(35, 'Prof. Herta Marvin', 'mcglynn.oda@example.org', '2023-06-27 00:13:55', '$2y$10$92IXUNpkjO0rOQ5byMi.Ye4oKoEa3Ro9llC/.og/at2.uheWG/igi', 'YBwPcFmZmQ', '2023-06-27 00:13:55', '2023-06-27 00:13:55'),
	(36, 'Colleen Mayert', 'howe.verna@example.org', '2023-06-27 00:13:55', '$2y$10$92IXUNpkjO0rOQ5byMi.Ye4oKoEa3Ro9llC/.og/at2.uheWG/igi', 'U1ZN2yG1OI', '2023-06-27 00:13:55', '2023-06-27 00:13:55'),
	(37, 'Ms. Kaylee Wehner', 'chelsea82@example.org', '2023-06-27 00:13:55', '$2y$10$92IXUNpkjO0rOQ5byMi.Ye4oKoEa3Ro9llC/.og/at2.uheWG/igi', 'w8dJOnbzDv', '2023-06-27 00:13:55', '2023-06-27 00:13:55'),
	(38, 'Maeve Bergstrom V', 'hill.earlene@example.net', '2023-06-27 00:13:55', '$2y$10$92IXUNpkjO0rOQ5byMi.Ye4oKoEa3Ro9llC/.og/at2.uheWG/igi', 'NA0MWaMAJX', '2023-06-27 00:13:55', '2023-06-27 00:13:55'),
	(39, 'Dr. Bernie Murphy', 'neha99@example.com', '2023-06-27 00:13:55', '$2y$10$92IXUNpkjO0rOQ5byMi.Ye4oKoEa3Ro9llC/.og/at2.uheWG/igi', 'uuQJP48bXi', '2023-06-27 00:13:55', '2023-06-27 00:13:55'),
	(40, 'Mrs. Elisha Stark', 'torrance.russel@example.com', '2023-06-27 00:13:55', '$2y$10$92IXUNpkjO0rOQ5byMi.Ye4oKoEa3Ro9llC/.og/at2.uheWG/igi', 'mLDRlDfT22', '2023-06-27 00:13:55', '2023-06-27 00:13:55'),
	(41, 'Dr. Loy Lemke', 'bkovacek@example.net', '2023-06-27 00:13:55', '$2y$10$92IXUNpkjO0rOQ5byMi.Ye4oKoEa3Ro9llC/.og/at2.uheWG/igi', 'h6xX2BZ0Pm', '2023-06-27 00:13:55', '2023-06-27 00:13:55'),
	(42, 'Fletcher Pacocha DDS', 'rosella82@example.net', '2023-06-27 00:13:55', '$2y$10$92IXUNpkjO0rOQ5byMi.Ye4oKoEa3Ro9llC/.og/at2.uheWG/igi', '7UfcJzMAHx', '2023-06-27 00:13:55', '2023-06-27 00:13:55'),
	(43, 'Sally Rice', 'mable.zulauf@example.com', '2023-06-27 00:13:55', '$2y$10$92IXUNpkjO0rOQ5byMi.Ye4oKoEa3Ro9llC/.og/at2.uheWG/igi', 'ksLUfx7EAS', '2023-06-27 00:13:55', '2023-06-27 00:13:55'),
	(44, 'Vickie Brown DVM', 'schmeler.marcelo@example.org', '2023-06-27 00:13:55', '$2y$10$92IXUNpkjO0rOQ5byMi.Ye4oKoEa3Ro9llC/.og/at2.uheWG/igi', 'vftZd07dJd', '2023-06-27 00:13:55', '2023-06-27 00:13:55'),
	(45, 'Mr. Uriah Schmeler Sr.', 'melba44@example.net', '2023-06-27 00:13:55', '$2y$10$92IXUNpkjO0rOQ5byMi.Ye4oKoEa3Ro9llC/.og/at2.uheWG/igi', 'wpGzH0YnoW', '2023-06-27 00:13:55', '2023-06-27 00:13:55'),
	(46, 'Miss Karolann Murphy II', 'angeline34@example.org', '2023-06-27 00:13:55', '$2y$10$92IXUNpkjO0rOQ5byMi.Ye4oKoEa3Ro9llC/.og/at2.uheWG/igi', '6NJAH6rNx8', '2023-06-27 00:13:55', '2023-06-27 00:13:55'),
	(47, 'Favian Kunde II', 'pwisozk@example.com', '2023-06-27 00:13:55', '$2y$10$92IXUNpkjO0rOQ5byMi.Ye4oKoEa3Ro9llC/.og/at2.uheWG/igi', 'KuHO3pR7rh', '2023-06-27 00:13:55', '2023-06-27 00:13:55'),
	(48, 'Greg Roberts', 'halvorson.mariah@example.org', '2023-06-27 00:13:55', '$2y$10$92IXUNpkjO0rOQ5byMi.Ye4oKoEa3Ro9llC/.og/at2.uheWG/igi', 'TOf3LQvpSO', '2023-06-27 00:13:55', '2023-06-27 00:13:55'),
	(49, 'Mr. Larue Stanton', 'renner.lon@example.com', '2023-06-27 00:13:55', '$2y$10$92IXUNpkjO0rOQ5byMi.Ye4oKoEa3Ro9llC/.og/at2.uheWG/igi', 'FHcO5PyMIv', '2023-06-27 00:13:55', '2023-06-27 00:13:55'),
	(50, 'Gunner Weimann', 'margot.kuphal@example.org', '2023-06-27 00:13:55', '$2y$10$92IXUNpkjO0rOQ5byMi.Ye4oKoEa3Ro9llC/.og/at2.uheWG/igi', 'OnglGBEiQC', '2023-06-27 00:13:55', '2023-06-27 00:13:55'),
	(51, 'Mrs. Hilda Hudson Sr.', 'uriel.shields@example.org', '2023-06-27 00:13:55', '$2y$10$92IXUNpkjO0rOQ5byMi.Ye4oKoEa3Ro9llC/.og/at2.uheWG/igi', 'KRc30jkjQk', '2023-06-27 00:13:55', '2023-06-27 00:13:55'),
	(52, 'Elyse Rutherford', 'myra72@example.org', '2023-06-27 00:13:55', '$2y$10$92IXUNpkjO0rOQ5byMi.Ye4oKoEa3Ro9llC/.og/at2.uheWG/igi', 'r66xYN4oGa', '2023-06-27 00:13:55', '2023-06-27 00:13:55'),
	(53, 'Joey Rowe', 'rippin.wilber@example.org', '2023-06-27 00:13:55', '$2y$10$92IXUNpkjO0rOQ5byMi.Ye4oKoEa3Ro9llC/.og/at2.uheWG/igi', 'FRLxd8iwWh', '2023-06-27 00:13:55', '2023-06-27 00:13:55'),
	(54, 'Dr. Kirk Rice', 'amalia.rolfson@example.com', '2023-06-27 00:13:55', '$2y$10$92IXUNpkjO0rOQ5byMi.Ye4oKoEa3Ro9llC/.og/at2.uheWG/igi', 'YDgInlyF34', '2023-06-27 00:13:55', '2023-06-27 00:13:55'),
	(55, 'Allen Rosenbaum', 'maryse.stroman@example.com', '2023-06-27 00:13:55', '$2y$10$92IXUNpkjO0rOQ5byMi.Ye4oKoEa3Ro9llC/.og/at2.uheWG/igi', 'dgHfT90Mxn', '2023-06-27 00:13:55', '2023-06-27 00:13:55'),
	(56, 'Prof. Delmer Konopelski', 'ramona15@example.org', '2023-06-27 00:13:55', '$2y$10$92IXUNpkjO0rOQ5byMi.Ye4oKoEa3Ro9llC/.og/at2.uheWG/igi', 'jzMo52PuMv', '2023-06-27 00:13:55', '2023-06-27 00:13:55'),
	(57, 'Elwin Becker', 'casey26@example.org', '2023-06-27 00:13:55', '$2y$10$92IXUNpkjO0rOQ5byMi.Ye4oKoEa3Ro9llC/.og/at2.uheWG/igi', 'dNjwBwgzRS', '2023-06-27 00:13:55', '2023-06-27 00:13:55'),
	(58, 'Ressie Kirlin IV', 'willard.schmidt@example.org', '2023-06-27 00:13:55', '$2y$10$92IXUNpkjO0rOQ5byMi.Ye4oKoEa3Ro9llC/.og/at2.uheWG/igi', 'omww77NoVQ', '2023-06-27 00:13:55', '2023-06-27 00:13:55'),
	(59, 'Savanna Wisoky', 'bmoen@example.org', '2023-06-27 00:13:55', '$2y$10$92IXUNpkjO0rOQ5byMi.Ye4oKoEa3Ro9llC/.og/at2.uheWG/igi', 'KUbqdXtJ0O', '2023-06-27 00:13:55', '2023-06-27 00:13:55'),
	(60, 'Prof. Harley O\'Kon', 'lthompson@example.org', '2023-06-27 00:13:55', '$2y$10$92IXUNpkjO0rOQ5byMi.Ye4oKoEa3Ro9llC/.og/at2.uheWG/igi', 'OKt6GXVVx7', '2023-06-27 00:13:55', '2023-06-27 00:13:55'),
	(61, 'Brenna Murray', 'joana.wuckert@example.org', '2023-06-27 00:13:55', '$2y$10$92IXUNpkjO0rOQ5byMi.Ye4oKoEa3Ro9llC/.og/at2.uheWG/igi', 'd6vfK6x6HT', '2023-06-27 00:13:55', '2023-06-27 00:13:55'),
	(62, 'Dr. Garett Gibson', 'annabelle84@example.net', '2023-06-27 00:13:55', '$2y$10$92IXUNpkjO0rOQ5byMi.Ye4oKoEa3Ro9llC/.og/at2.uheWG/igi', 'nt3c4ME6nw', '2023-06-27 00:13:55', '2023-06-27 00:13:55'),
	(63, 'Laury McClure II', 'percival.turcotte@example.com', '2023-06-27 00:13:55', '$2y$10$92IXUNpkjO0rOQ5byMi.Ye4oKoEa3Ro9llC/.og/at2.uheWG/igi', 'X0Dugm0ONj', '2023-06-27 00:13:55', '2023-06-27 00:13:55'),
	(64, 'Wilfred Gutkowski', 'edooley@example.org', '2023-06-27 00:13:55', '$2y$10$92IXUNpkjO0rOQ5byMi.Ye4oKoEa3Ro9llC/.og/at2.uheWG/igi', 'HFu0psxmKR', '2023-06-27 00:13:55', '2023-06-27 00:13:55'),
	(65, 'Magdalen D\'Amore DDS', 'polly48@example.org', '2023-06-27 00:13:55', '$2y$10$92IXUNpkjO0rOQ5byMi.Ye4oKoEa3Ro9llC/.og/at2.uheWG/igi', 'l4ODjszGQ6', '2023-06-27 00:13:55', '2023-06-27 00:13:55'),
	(66, 'Santiago O\'Reilly', 'rmills@example.org', '2023-06-27 00:13:55', '$2y$10$92IXUNpkjO0rOQ5byMi.Ye4oKoEa3Ro9llC/.og/at2.uheWG/igi', 'wLyfzus9L7', '2023-06-27 00:13:55', '2023-06-27 00:13:55'),
	(67, 'Ms. Retha Purdy', 'audreanne24@example.org', '2023-06-27 00:13:55', '$2y$10$92IXUNpkjO0rOQ5byMi.Ye4oKoEa3Ro9llC/.og/at2.uheWG/igi', 'ma2C6ZXZKD', '2023-06-27 00:13:55', '2023-06-27 00:13:55'),
	(68, 'Prof. Earnest Kilback V', 'rutherford.rickie@example.com', '2023-06-27 00:13:55', '$2y$10$92IXUNpkjO0rOQ5byMi.Ye4oKoEa3Ro9llC/.og/at2.uheWG/igi', 'qc0itRNWTt', '2023-06-27 00:13:55', '2023-06-27 00:13:55'),
	(69, 'Rodolfo Hyatt', 'nicklaus.ryan@example.com', '2023-06-27 00:13:55', '$2y$10$92IXUNpkjO0rOQ5byMi.Ye4oKoEa3Ro9llC/.og/at2.uheWG/igi', 'OXm7pF4wMa', '2023-06-27 00:13:55', '2023-06-27 00:13:55'),
	(70, 'Karlee Kub', 'wruecker@example.org', '2023-06-27 00:13:55', '$2y$10$92IXUNpkjO0rOQ5byMi.Ye4oKoEa3Ro9llC/.og/at2.uheWG/igi', 'nvWwlKjjHP', '2023-06-27 00:13:55', '2023-06-27 00:13:55'),
	(71, 'Milo Feest', 'mrath@example.org', '2023-06-27 00:13:55', '$2y$10$92IXUNpkjO0rOQ5byMi.Ye4oKoEa3Ro9llC/.og/at2.uheWG/igi', 'd13kTsq0CG', '2023-06-27 00:13:55', '2023-06-27 00:13:55'),
	(72, 'Madison Lowe', 'adalberto.kutch@example.net', '2023-06-27 00:13:55', '$2y$10$92IXUNpkjO0rOQ5byMi.Ye4oKoEa3Ro9llC/.og/at2.uheWG/igi', 'ubwOBQmtLh', '2023-06-27 00:13:55', '2023-06-27 00:13:55'),
	(73, 'Vladimir Prohaska', 'caterina07@example.com', '2023-06-27 00:13:55', '$2y$10$92IXUNpkjO0rOQ5byMi.Ye4oKoEa3Ro9llC/.og/at2.uheWG/igi', 'qjaGvIv3on', '2023-06-27 00:13:55', '2023-06-27 00:13:55'),
	(74, 'Prof. Gordon Lakin', 'andre.funk@example.org', '2023-06-27 00:13:55', '$2y$10$92IXUNpkjO0rOQ5byMi.Ye4oKoEa3Ro9llC/.og/at2.uheWG/igi', 'h323UaTN73', '2023-06-27 00:13:55', '2023-06-27 00:13:55'),
	(75, 'Brycen Grimes IV', 'marietta.rau@example.org', '2023-06-27 00:13:55', '$2y$10$92IXUNpkjO0rOQ5byMi.Ye4oKoEa3Ro9llC/.og/at2.uheWG/igi', 'caScoWGCEE', '2023-06-27 00:13:55', '2023-06-27 00:13:55'),
	(76, 'Mr. Rickie Kautzer III', 'gilbert74@example.net', '2023-06-27 00:13:55', '$2y$10$92IXUNpkjO0rOQ5byMi.Ye4oKoEa3Ro9llC/.og/at2.uheWG/igi', '1mQqGTZ8zG', '2023-06-27 00:13:55', '2023-06-27 00:13:55'),
	(77, 'Alexandrea Parisian', 'luis16@example.org', '2023-06-27 00:13:55', '$2y$10$92IXUNpkjO0rOQ5byMi.Ye4oKoEa3Ro9llC/.og/at2.uheWG/igi', 'usuRYyasKy', '2023-06-27 00:13:55', '2023-06-27 00:13:55'),
	(78, 'Bernadette Kub', 'yabshire@example.org', '2023-06-27 00:13:55', '$2y$10$92IXUNpkjO0rOQ5byMi.Ye4oKoEa3Ro9llC/.og/at2.uheWG/igi', 'MnCe8IWhgt', '2023-06-27 00:13:55', '2023-06-27 00:13:55'),
	(79, 'Hank Williamson', 'anais.hansen@example.org', '2023-06-27 00:13:55', '$2y$10$92IXUNpkjO0rOQ5byMi.Ye4oKoEa3Ro9llC/.og/at2.uheWG/igi', 'QdXCnlCbRv', '2023-06-27 00:13:55', '2023-06-27 00:13:55'),
	(80, 'Dr. Chaim Dickinson Sr.', 'roselyn67@example.net', '2023-06-27 00:13:55', '$2y$10$92IXUNpkjO0rOQ5byMi.Ye4oKoEa3Ro9llC/.og/at2.uheWG/igi', 'qSIYB297bd', '2023-06-27 00:13:55', '2023-06-27 00:13:55'),
	(81, 'Prof. Brook DuBuque', 'carole45@example.net', '2023-06-27 00:13:55', '$2y$10$92IXUNpkjO0rOQ5byMi.Ye4oKoEa3Ro9llC/.og/at2.uheWG/igi', 'ItpNJcDY22', '2023-06-27 00:13:55', '2023-06-27 00:13:55'),
	(82, 'Elinor Kozey', 'newton.kuvalis@example.org', '2023-06-27 00:13:55', '$2y$10$92IXUNpkjO0rOQ5byMi.Ye4oKoEa3Ro9llC/.og/at2.uheWG/igi', 'iYcCH0MnKh', '2023-06-27 00:13:55', '2023-06-27 00:13:55'),
	(83, 'Vivian Brakus', 'clemens.champlin@example.net', '2023-06-27 00:13:55', '$2y$10$92IXUNpkjO0rOQ5byMi.Ye4oKoEa3Ro9llC/.og/at2.uheWG/igi', 'GTlNi7VGlV', '2023-06-27 00:13:55', '2023-06-27 00:13:55'),
	(84, 'Miss Angie Reichert V', 'xpowlowski@example.net', '2023-06-27 00:13:55', '$2y$10$92IXUNpkjO0rOQ5byMi.Ye4oKoEa3Ro9llC/.og/at2.uheWG/igi', 'CZ8JyWL71m', '2023-06-27 00:13:55', '2023-06-27 00:13:55'),
	(85, 'Wendy Borer', 'larkin.edna@example.com', '2023-06-27 00:13:55', '$2y$10$92IXUNpkjO0rOQ5byMi.Ye4oKoEa3Ro9llC/.og/at2.uheWG/igi', 'nXA6omfbWb', '2023-06-27 00:13:55', '2023-06-27 00:13:55'),
	(86, 'Judson Sipes', 'larson.america@example.net', '2023-06-27 00:13:55', '$2y$10$92IXUNpkjO0rOQ5byMi.Ye4oKoEa3Ro9llC/.og/at2.uheWG/igi', 'bD0PZ2KQSl', '2023-06-27 00:13:55', '2023-06-27 00:13:55'),
	(87, 'Rollin Davis', 'anicolas@example.org', '2023-06-27 00:13:55', '$2y$10$92IXUNpkjO0rOQ5byMi.Ye4oKoEa3Ro9llC/.og/at2.uheWG/igi', 'rLjFTo6hw8', '2023-06-27 00:13:55', '2023-06-27 00:13:55'),
	(88, 'Vidal Adams', 'pietro93@example.org', '2023-06-27 00:13:55', '$2y$10$92IXUNpkjO0rOQ5byMi.Ye4oKoEa3Ro9llC/.og/at2.uheWG/igi', 'GtU1EROTsc', '2023-06-27 00:13:55', '2023-06-27 00:13:55'),
	(89, 'Raphaelle Anderson', 'bschoen@example.org', '2023-06-27 00:13:55', '$2y$10$92IXUNpkjO0rOQ5byMi.Ye4oKoEa3Ro9llC/.og/at2.uheWG/igi', 'Rt2rUimVBz', '2023-06-27 00:13:55', '2023-06-27 00:13:55'),
	(90, 'Barney Koss', 'kreiger.greg@example.net', '2023-06-27 00:13:55', '$2y$10$92IXUNpkjO0rOQ5byMi.Ye4oKoEa3Ro9llC/.og/at2.uheWG/igi', 'Y9ViEV8B0m', '2023-06-27 00:13:55', '2023-06-27 00:13:55'),
	(91, 'Beulah Hickle', 'kdaugherty@example.org', '2023-06-27 00:13:55', '$2y$10$92IXUNpkjO0rOQ5byMi.Ye4oKoEa3Ro9llC/.og/at2.uheWG/igi', '4d0SNfidCK', '2023-06-27 00:13:55', '2023-06-27 00:13:55'),
	(92, 'Lou Walker', 'douglas17@example.com', '2023-06-27 00:13:55', '$2y$10$92IXUNpkjO0rOQ5byMi.Ye4oKoEa3Ro9llC/.og/at2.uheWG/igi', '80I9Z38XMw', '2023-06-27 00:13:55', '2023-06-27 00:13:55'),
	(93, 'Brent Dach', 'wmcclure@example.net', '2023-06-27 00:13:55', '$2y$10$92IXUNpkjO0rOQ5byMi.Ye4oKoEa3Ro9llC/.og/at2.uheWG/igi', '712HJkdA92', '2023-06-27 00:13:55', '2023-06-27 00:13:55'),
	(94, 'Alfred Denesik', 'wpollich@example.net', '2023-06-27 00:13:55', '$2y$10$92IXUNpkjO0rOQ5byMi.Ye4oKoEa3Ro9llC/.og/at2.uheWG/igi', 'ZZtsc0zoAH', '2023-06-27 00:13:55', '2023-06-27 00:13:55'),
	(95, 'Joyce Wisoky', 'bradtke.thelma@example.com', '2023-06-27 00:13:55', '$2y$10$92IXUNpkjO0rOQ5byMi.Ye4oKoEa3Ro9llC/.og/at2.uheWG/igi', 'mxZoI8eeQS', '2023-06-27 00:13:55', '2023-06-27 00:13:55'),
	(96, 'Alda Goldner', 'edgardo.brown@example.com', '2023-06-27 00:13:55', '$2y$10$92IXUNpkjO0rOQ5byMi.Ye4oKoEa3Ro9llC/.og/at2.uheWG/igi', 'CWAhXvN8ke', '2023-06-27 00:13:55', '2023-06-27 00:13:55'),
	(97, 'Jakayla Reinger', 'shanie26@example.net', '2023-06-27 00:13:55', '$2y$10$92IXUNpkjO0rOQ5byMi.Ye4oKoEa3Ro9llC/.og/at2.uheWG/igi', 'zAD1DJ1dAK', '2023-06-27 00:13:55', '2023-06-27 00:13:55'),
	(98, 'Dr. Darian Wilderman Sr.', 'vwalker@example.net', '2023-06-27 00:13:55', '$2y$10$92IXUNpkjO0rOQ5byMi.Ye4oKoEa3Ro9llC/.og/at2.uheWG/igi', 'wM7KioWePu', '2023-06-27 00:13:55', '2023-06-27 00:13:55'),
	(99, 'Elian Ankunding', 'buster.parker@example.com', '2023-06-27 00:13:55', '$2y$10$92IXUNpkjO0rOQ5byMi.Ye4oKoEa3Ro9llC/.og/at2.uheWG/igi', 'iRfmfW4KtS', '2023-06-27 00:13:55', '2023-06-27 00:13:55'),
	(100, 'Carlie Stracke', 'jweissnat@example.org', '2023-06-27 00:13:55', '$2y$10$92IXUNpkjO0rOQ5byMi.Ye4oKoEa3Ro9llC/.og/at2.uheWG/igi', 'YtGQ6A50DV', '2023-06-27 00:13:55', '2023-06-27 00:13:55'),
	(101, 'Mr. Carmelo Koepp Sr.', 'jovany.volkman@example.org', '2023-06-27 00:13:55', '$2y$10$92IXUNpkjO0rOQ5byMi.Ye4oKoEa3Ro9llC/.og/at2.uheWG/igi', 'RvryQKbB4c', '2023-06-27 00:13:55', '2023-06-27 00:13:55'),
	(102, 'Demond Wyman', 'xhodkiewicz@example.com', '2023-06-27 00:13:55', '$2y$10$92IXUNpkjO0rOQ5byMi.Ye4oKoEa3Ro9llC/.og/at2.uheWG/igi', 'nGOhll9JBV', '2023-06-27 00:13:55', '2023-06-27 00:13:55'),
	(103, 'Prof. Kody Mertz', 'corwin.nathan@example.org', '2023-06-27 00:13:55', '$2y$10$92IXUNpkjO0rOQ5byMi.Ye4oKoEa3Ro9llC/.og/at2.uheWG/igi', '7DeBt1cx1M', '2023-06-27 00:13:55', '2023-06-27 00:13:55'),
	(104, 'Sterling Walker', 'kuhlman.hailee@example.org', '2023-06-27 00:13:55', '$2y$10$92IXUNpkjO0rOQ5byMi.Ye4oKoEa3Ro9llC/.og/at2.uheWG/igi', 'CWXQ51xNKE', '2023-06-27 00:13:55', '2023-06-27 00:13:55'),
	(105, 'Georgette Donnelly', 'garry.cruickshank@example.net', '2023-06-27 00:13:55', '$2y$10$92IXUNpkjO0rOQ5byMi.Ye4oKoEa3Ro9llC/.og/at2.uheWG/igi', 'ya1HTyPe3d', '2023-06-27 00:13:55', '2023-06-27 00:13:55'),
	(106, 'Elsie Hartmann', 'kovacek.angela@example.com', '2023-06-27 00:13:55', '$2y$10$92IXUNpkjO0rOQ5byMi.Ye4oKoEa3Ro9llC/.og/at2.uheWG/igi', 'TYCogVnPME', '2023-06-27 00:13:55', '2023-06-27 00:13:55'),
	(107, 'Ali Hilpert', 'florine.bahringer@example.org', '2023-06-27 00:13:55', '$2y$10$92IXUNpkjO0rOQ5byMi.Ye4oKoEa3Ro9llC/.og/at2.uheWG/igi', 'Od0elIq2FF', '2023-06-27 00:13:55', '2023-06-27 00:13:55'),
	(108, 'Alek Graham', 'teresa.veum@example.org', '2023-06-27 00:13:55', '$2y$10$92IXUNpkjO0rOQ5byMi.Ye4oKoEa3Ro9llC/.og/at2.uheWG/igi', 'ObsY5lhOFU', '2023-06-27 00:13:55', '2023-06-27 00:13:55'),
	(109, 'Aron Bogan', 'curtis.wuckert@example.org', '2023-06-27 00:13:55', '$2y$10$92IXUNpkjO0rOQ5byMi.Ye4oKoEa3Ro9llC/.og/at2.uheWG/igi', 'yNgSTKszQQ', '2023-06-27 00:13:55', '2023-06-27 00:13:55'),
	(110, 'Markus Emard', 'danika95@example.org', '2023-06-27 00:13:55', '$2y$10$92IXUNpkjO0rOQ5byMi.Ye4oKoEa3Ro9llC/.og/at2.uheWG/igi', 'HaRo2rQFll', '2023-06-27 00:13:55', '2023-06-27 00:13:55'),
	(111, 'Adam Schmidt', 'lang.mekhi@example.com', '2023-06-27 00:13:55', '$2y$10$92IXUNpkjO0rOQ5byMi.Ye4oKoEa3Ro9llC/.og/at2.uheWG/igi', 'otIVtiKA2Z', '2023-06-27 00:13:55', '2023-06-27 00:13:55'),
	(112, 'Mrs. Hellen Roob', 'brandi.hegmann@example.com', '2023-06-27 00:13:55', '$2y$10$92IXUNpkjO0rOQ5byMi.Ye4oKoEa3Ro9llC/.og/at2.uheWG/igi', 'gGhRNz0vTd', '2023-06-27 00:13:55', '2023-06-27 00:13:55'),
	(113, 'Tyler Bayer', 'william.williamson@example.com', '2023-06-27 00:13:55', '$2y$10$92IXUNpkjO0rOQ5byMi.Ye4oKoEa3Ro9llC/.og/at2.uheWG/igi', 'DOJcLApfW3', '2023-06-27 00:13:55', '2023-06-27 00:13:55'),
	(114, 'Houston Grimes', 'albertha.beier@example.net', '2023-06-27 00:13:55', '$2y$10$92IXUNpkjO0rOQ5byMi.Ye4oKoEa3Ro9llC/.og/at2.uheWG/igi', 'Ci3XZJhHdx', '2023-06-27 00:13:55', '2023-06-27 00:13:55'),
	(115, 'Domenick Altenwerth', 'fturner@example.org', '2023-06-27 00:13:55', '$2y$10$92IXUNpkjO0rOQ5byMi.Ye4oKoEa3Ro9llC/.og/at2.uheWG/igi', 'ZEkQEuFcKf', '2023-06-27 00:13:55', '2023-06-27 00:13:55'),
	(116, 'Prof. Myrtle White V', 'rutherford.pearline@example.net', '2023-06-27 00:13:55', '$2y$10$92IXUNpkjO0rOQ5byMi.Ye4oKoEa3Ro9llC/.og/at2.uheWG/igi', 'o1184TrsTd', '2023-06-27 00:13:55', '2023-06-27 00:13:55'),
	(117, 'Prof. Clifton Frami', 'wilderman.benny@example.com', '2023-06-27 00:13:55', '$2y$10$92IXUNpkjO0rOQ5byMi.Ye4oKoEa3Ro9llC/.og/at2.uheWG/igi', 'e6AMRrSPN8', '2023-06-27 00:13:56', '2023-06-27 00:13:56'),
	(118, 'Briana Ankunding Sr.', 'zcrist@example.net', '2023-06-27 00:13:55', '$2y$10$92IXUNpkjO0rOQ5byMi.Ye4oKoEa3Ro9llC/.og/at2.uheWG/igi', 's5OKJCnmPa', '2023-06-27 00:13:56', '2023-06-27 00:13:56'),
	(119, 'Mr. Gideon Christiansen PhD', 'jasmin34@example.net', '2023-06-27 00:13:55', '$2y$10$92IXUNpkjO0rOQ5byMi.Ye4oKoEa3Ro9llC/.og/at2.uheWG/igi', '6aCtO3SizY', '2023-06-27 00:13:56', '2023-06-27 00:13:56'),
	(120, 'Jalyn Runolfsson', 'iswift@example.org', '2023-06-27 00:13:55', '$2y$10$92IXUNpkjO0rOQ5byMi.Ye4oKoEa3Ro9llC/.og/at2.uheWG/igi', 'EVg2vBSIXn', '2023-06-27 00:13:56', '2023-06-27 00:13:56'),
	(121, 'Kyla Spencer', 'rmcglynn@example.com', '2023-06-27 00:13:55', '$2y$10$92IXUNpkjO0rOQ5byMi.Ye4oKoEa3Ro9llC/.og/at2.uheWG/igi', 'm2KrqKFuMj', '2023-06-27 00:13:56', '2023-06-27 00:13:56'),
	(122, 'Quentin Fisher', 'vandervort.raheem@example.org', '2023-06-27 00:13:55', '$2y$10$92IXUNpkjO0rOQ5byMi.Ye4oKoEa3Ro9llC/.og/at2.uheWG/igi', 'cMUIJ4alEb', '2023-06-27 00:13:56', '2023-06-27 00:13:56'),
	(123, 'Murl Daugherty', 'rvon@example.com', '2023-06-27 00:13:55', '$2y$10$92IXUNpkjO0rOQ5byMi.Ye4oKoEa3Ro9llC/.og/at2.uheWG/igi', 'RXcC9TvTXM', '2023-06-27 00:13:56', '2023-06-27 00:13:56'),
	(124, 'Prof. Idell Schroeder', 'nora.mante@example.org', '2023-06-27 00:13:55', '$2y$10$92IXUNpkjO0rOQ5byMi.Ye4oKoEa3Ro9llC/.og/at2.uheWG/igi', 'dUacLVS0an', '2023-06-27 00:13:56', '2023-06-27 00:13:56'),
	(125, 'Hershel Daniel DVM', 'bhoppe@example.net', '2023-06-27 00:13:55', '$2y$10$92IXUNpkjO0rOQ5byMi.Ye4oKoEa3Ro9llC/.og/at2.uheWG/igi', 'C4EnLzyrCH', '2023-06-27 00:13:56', '2023-06-27 00:13:56'),
	(126, 'Dr. Carson Daugherty', 'lilla.waelchi@example.org', '2023-06-27 00:13:55', '$2y$10$92IXUNpkjO0rOQ5byMi.Ye4oKoEa3Ro9llC/.og/at2.uheWG/igi', 'TPxagtTGA4', '2023-06-27 00:13:56', '2023-06-27 00:13:56'),
	(127, 'Prof. Omari Rowe', 'kattie.witting@example.org', '2023-06-27 00:13:55', '$2y$10$92IXUNpkjO0rOQ5byMi.Ye4oKoEa3Ro9llC/.og/at2.uheWG/igi', '7QNfnPfwCv', '2023-06-27 00:13:56', '2023-06-27 00:13:56'),
	(128, 'Mr. Wilber Kunde', 'wokeefe@example.net', '2023-06-27 00:13:55', '$2y$10$92IXUNpkjO0rOQ5byMi.Ye4oKoEa3Ro9llC/.og/at2.uheWG/igi', 'SYC8Hdk9W2', '2023-06-27 00:13:56', '2023-06-27 00:13:56'),
	(129, 'Kasey Nienow', 'gaylord.gina@example.org', '2023-06-27 00:13:55', '$2y$10$92IXUNpkjO0rOQ5byMi.Ye4oKoEa3Ro9llC/.og/at2.uheWG/igi', 'qKe1ikWmZR', '2023-06-27 00:13:56', '2023-06-27 00:13:56'),
	(130, 'Fabian Flatley MD', 'jovany32@example.org', '2023-06-27 00:13:55', '$2y$10$92IXUNpkjO0rOQ5byMi.Ye4oKoEa3Ro9llC/.og/at2.uheWG/igi', 'YtDIec4iJx', '2023-06-27 00:13:56', '2023-06-27 00:13:56'),
	(131, 'Jalen Kertzmann', 'hahn.magali@example.net', '2023-06-27 00:13:55', '$2y$10$92IXUNpkjO0rOQ5byMi.Ye4oKoEa3Ro9llC/.og/at2.uheWG/igi', 'EuRcxtHFlh', '2023-06-27 00:13:56', '2023-06-27 00:13:56'),
	(132, 'Carlotta Lynch', 'eleanore.armstrong@example.org', '2023-06-27 00:13:55', '$2y$10$92IXUNpkjO0rOQ5byMi.Ye4oKoEa3Ro9llC/.og/at2.uheWG/igi', 'h4yrOXk3UH', '2023-06-27 00:13:56', '2023-06-27 00:13:56'),
	(133, 'Okey Dach', 'crunolfsdottir@example.org', '2023-06-27 00:13:55', '$2y$10$92IXUNpkjO0rOQ5byMi.Ye4oKoEa3Ro9llC/.og/at2.uheWG/igi', 'ZbgOPkQfBH', '2023-06-27 00:13:56', '2023-06-27 00:13:56'),
	(134, 'Anita Murray Jr.', 'ova.quitzon@example.net', '2023-06-27 00:13:55', '$2y$10$92IXUNpkjO0rOQ5byMi.Ye4oKoEa3Ro9llC/.og/at2.uheWG/igi', 'UronLpCYU3', '2023-06-27 00:13:56', '2023-06-27 00:13:56'),
	(135, 'Retha Rohan', 'gortiz@example.org', '2023-06-27 00:13:55', '$2y$10$92IXUNpkjO0rOQ5byMi.Ye4oKoEa3Ro9llC/.og/at2.uheWG/igi', '1bj5eDVbPF', '2023-06-27 00:13:56', '2023-06-27 00:13:56'),
	(136, 'Kenton Considine DVM', 'anya.rau@example.com', '2023-06-27 00:13:55', '$2y$10$92IXUNpkjO0rOQ5byMi.Ye4oKoEa3Ro9llC/.og/at2.uheWG/igi', 'bmI9vOOMfE', '2023-06-27 00:13:56', '2023-06-27 00:13:56'),
	(137, 'Dorthy Swift II', 'powlowski.emilie@example.net', '2023-06-27 00:13:55', '$2y$10$92IXUNpkjO0rOQ5byMi.Ye4oKoEa3Ro9llC/.og/at2.uheWG/igi', 'Fy5FvnriBI', '2023-06-27 00:13:56', '2023-06-27 00:13:56'),
	(138, 'Kelly Wiza', 'jakob80@example.net', '2023-06-27 00:13:55', '$2y$10$92IXUNpkjO0rOQ5byMi.Ye4oKoEa3Ro9llC/.og/at2.uheWG/igi', 'NEWACBMy58', '2023-06-27 00:13:56', '2023-06-27 00:13:56'),
	(139, 'Brittany Gerlach', 'queenie.deckow@example.net', '2023-06-27 00:13:55', '$2y$10$92IXUNpkjO0rOQ5byMi.Ye4oKoEa3Ro9llC/.og/at2.uheWG/igi', 'VnfOFgbAiE', '2023-06-27 00:13:56', '2023-06-27 00:13:56'),
	(140, 'Raina Harris', 'iwyman@example.net', '2023-06-27 00:13:55', '$2y$10$92IXUNpkjO0rOQ5byMi.Ye4oKoEa3Ro9llC/.og/at2.uheWG/igi', 'or79NKUOFW', '2023-06-27 00:13:56', '2023-06-27 00:13:56'),
	(141, 'Prof. Onie Koepp DDS', 'bruen.adele@example.com', '2023-06-27 00:13:55', '$2y$10$92IXUNpkjO0rOQ5byMi.Ye4oKoEa3Ro9llC/.og/at2.uheWG/igi', '7zMHwnYlXL', '2023-06-27 00:13:56', '2023-06-27 00:13:56'),
	(142, 'Mr. Enrico Marks', 'wolff.madisyn@example.org', '2023-06-27 00:13:55', '$2y$10$92IXUNpkjO0rOQ5byMi.Ye4oKoEa3Ro9llC/.og/at2.uheWG/igi', 'Dsib3PuHrY', '2023-06-27 00:13:56', '2023-06-27 00:13:56'),
	(143, 'Bertha Grady DDS', 'blaze.roob@example.com', '2023-06-27 00:13:55', '$2y$10$92IXUNpkjO0rOQ5byMi.Ye4oKoEa3Ro9llC/.og/at2.uheWG/igi', 'slHRkibNP1', '2023-06-27 00:13:56', '2023-06-27 00:13:56'),
	(144, 'Ms. Eveline Tremblay DDS', 'dariana99@example.net', '2023-06-27 00:13:55', '$2y$10$92IXUNpkjO0rOQ5byMi.Ye4oKoEa3Ro9llC/.og/at2.uheWG/igi', '3unvIpwJ8S', '2023-06-27 00:13:56', '2023-06-27 00:13:56'),
	(145, 'Mrs. Magnolia Schmitt II', 'oscar68@example.net', '2023-06-27 00:13:55', '$2y$10$92IXUNpkjO0rOQ5byMi.Ye4oKoEa3Ro9llC/.og/at2.uheWG/igi', 'u5kwiTjMUH', '2023-06-27 00:13:56', '2023-06-27 00:13:56'),
	(146, 'Kenyatta Mante', 'gleichner.percival@example.net', '2023-06-27 00:13:55', '$2y$10$92IXUNpkjO0rOQ5byMi.Ye4oKoEa3Ro9llC/.og/at2.uheWG/igi', 'NgOgx5e1LG', '2023-06-27 00:13:56', '2023-06-27 00:13:56'),
	(147, 'Kira Klein', 'markus12@example.com', '2023-06-27 00:13:55', '$2y$10$92IXUNpkjO0rOQ5byMi.Ye4oKoEa3Ro9llC/.og/at2.uheWG/igi', '5HEd57He3i', '2023-06-27 00:13:56', '2023-06-27 00:13:56'),
	(148, 'Marshall Murazik', 'eldora34@example.net', '2023-06-27 00:13:55', '$2y$10$92IXUNpkjO0rOQ5byMi.Ye4oKoEa3Ro9llC/.og/at2.uheWG/igi', 'NtDtSq6uCW', '2023-06-27 00:13:56', '2023-06-27 00:13:56'),
	(149, 'Thelma Feest Jr.', 'kirk.dach@example.com', '2023-06-27 00:13:55', '$2y$10$92IXUNpkjO0rOQ5byMi.Ye4oKoEa3Ro9llC/.og/at2.uheWG/igi', 'O82SrgIJrj', '2023-06-27 00:13:56', '2023-06-27 00:13:56'),
	(150, 'Mr. Tyson Rippin DVM', 'onitzsche@example.org', '2023-06-27 00:13:55', '$2y$10$92IXUNpkjO0rOQ5byMi.Ye4oKoEa3Ro9llC/.og/at2.uheWG/igi', 'YTmGiLW7nk', '2023-06-27 00:13:56', '2023-06-27 00:13:56'),
	(151, 'Ms. Tierra Kertzmann', 'beth.swaniawski@example.org', '2023-06-27 00:13:55', '$2y$10$92IXUNpkjO0rOQ5byMi.Ye4oKoEa3Ro9llC/.og/at2.uheWG/igi', '0iugPhE6ec', '2023-06-27 00:13:56', '2023-06-27 00:13:56'),
	(152, 'Claud Gaylord', 'lebsack.afton@example.net', '2023-06-27 00:13:55', '$2y$10$92IXUNpkjO0rOQ5byMi.Ye4oKoEa3Ro9llC/.og/at2.uheWG/igi', 'ZdbbGfsx7O', '2023-06-27 00:13:56', '2023-06-27 00:13:56'),
	(153, 'Dr. Doris Parker Sr.', 'ggrimes@example.com', '2023-06-27 00:13:55', '$2y$10$92IXUNpkjO0rOQ5byMi.Ye4oKoEa3Ro9llC/.og/at2.uheWG/igi', 'DwPBVoNn1Y', '2023-06-27 00:13:56', '2023-06-27 00:13:56'),
	(154, 'Ms. Laura Maggio', 'elinore.frami@example.org', '2023-06-27 00:13:55', '$2y$10$92IXUNpkjO0rOQ5byMi.Ye4oKoEa3Ro9llC/.og/at2.uheWG/igi', 'rpAIA59U90', '2023-06-27 00:13:56', '2023-06-27 00:13:56'),
	(155, 'Lenny Greenfelder', 'amya.bashirian@example.net', '2023-06-27 00:13:55', '$2y$10$92IXUNpkjO0rOQ5byMi.Ye4oKoEa3Ro9llC/.og/at2.uheWG/igi', 'EmjlgYihR6', '2023-06-27 00:13:56', '2023-06-27 00:13:56'),
	(156, 'Loma Olson', 'gennaro86@example.org', '2023-06-27 00:13:55', '$2y$10$92IXUNpkjO0rOQ5byMi.Ye4oKoEa3Ro9llC/.og/at2.uheWG/igi', 'fyM8Wx3edR', '2023-06-27 00:13:56', '2023-06-27 00:13:56'),
	(157, 'Dr. Carmella Greenfelder Sr.', 'willms.tess@example.net', '2023-06-27 00:13:55', '$2y$10$92IXUNpkjO0rOQ5byMi.Ye4oKoEa3Ro9llC/.og/at2.uheWG/igi', '5i0vqg3zew', '2023-06-27 00:13:56', '2023-06-27 00:13:56'),
	(158, 'Caitlyn Okuneva', 'florida.steuber@example.net', '2023-06-27 00:13:55', '$2y$10$92IXUNpkjO0rOQ5byMi.Ye4oKoEa3Ro9llC/.og/at2.uheWG/igi', 'OvD25GBJtA', '2023-06-27 00:13:56', '2023-06-27 00:13:56'),
	(159, 'Miss Ivah O\'Conner PhD', 'mohr.wilhelmine@example.org', '2023-06-27 00:13:55', '$2y$10$92IXUNpkjO0rOQ5byMi.Ye4oKoEa3Ro9llC/.og/at2.uheWG/igi', '7xnJQEDCDs', '2023-06-27 00:13:56', '2023-06-27 00:13:56'),
	(160, 'Miss Alexandria Mertz V', 'gjakubowski@example.com', '2023-06-27 00:13:55', '$2y$10$92IXUNpkjO0rOQ5byMi.Ye4oKoEa3Ro9llC/.og/at2.uheWG/igi', 'bF7DYJPxA9', '2023-06-27 00:13:56', '2023-06-27 00:13:56'),
	(161, 'Brandon Watsica', 'pearlie64@example.net', '2023-06-27 00:13:55', '$2y$10$92IXUNpkjO0rOQ5byMi.Ye4oKoEa3Ro9llC/.og/at2.uheWG/igi', 'ZawyINn1ak', '2023-06-27 00:13:56', '2023-06-27 00:13:56'),
	(162, 'Amely Grady', 'jack.kassulke@example.com', '2023-06-27 00:13:55', '$2y$10$92IXUNpkjO0rOQ5byMi.Ye4oKoEa3Ro9llC/.og/at2.uheWG/igi', 'aqIFkOPBKA', '2023-06-27 00:13:56', '2023-06-27 00:13:56'),
	(163, 'Irving Miller', 'bbailey@example.com', '2023-06-27 00:13:55', '$2y$10$92IXUNpkjO0rOQ5byMi.Ye4oKoEa3Ro9llC/.og/at2.uheWG/igi', 'rpeNd0BA32', '2023-06-27 00:13:56', '2023-06-27 00:13:56'),
	(164, 'Prof. Tre Auer', 'brown.carlie@example.org', '2023-06-27 00:13:55', '$2y$10$92IXUNpkjO0rOQ5byMi.Ye4oKoEa3Ro9llC/.og/at2.uheWG/igi', '9rXEVWVjKF', '2023-06-27 00:13:56', '2023-06-27 00:13:56'),
	(165, 'Kelsie Price', 'trunte@example.org', '2023-06-27 00:13:55', '$2y$10$92IXUNpkjO0rOQ5byMi.Ye4oKoEa3Ro9llC/.og/at2.uheWG/igi', 'ZleCYxJ8A2', '2023-06-27 00:13:56', '2023-06-27 00:13:56'),
	(166, 'Hank Graham II', 'barton.gerson@example.org', '2023-06-27 00:13:55', '$2y$10$92IXUNpkjO0rOQ5byMi.Ye4oKoEa3Ro9llC/.og/at2.uheWG/igi', 'dBV0K9jr70', '2023-06-27 00:13:56', '2023-06-27 00:13:56'),
	(167, 'Lenora Powlowski', 'alexzander57@example.net', '2023-06-27 00:13:55', '$2y$10$92IXUNpkjO0rOQ5byMi.Ye4oKoEa3Ro9llC/.og/at2.uheWG/igi', 'FzcUqjON93', '2023-06-27 00:13:56', '2023-06-27 00:13:56'),
	(168, 'Rodolfo Ebert III', 'ulind@example.net', '2023-06-27 00:13:55', '$2y$10$92IXUNpkjO0rOQ5byMi.Ye4oKoEa3Ro9llC/.og/at2.uheWG/igi', 'XwYDBJxqXF', '2023-06-27 00:13:56', '2023-06-27 00:13:56'),
	(169, 'Dedric Schimmel', 'metz.marge@example.org', '2023-06-27 00:13:55', '$2y$10$92IXUNpkjO0rOQ5byMi.Ye4oKoEa3Ro9llC/.og/at2.uheWG/igi', '5nXAfb0ZP9', '2023-06-27 00:13:56', '2023-06-27 00:13:56'),
	(170, 'Dale Reichel', 'lkulas@example.com', '2023-06-27 00:13:55', '$2y$10$92IXUNpkjO0rOQ5byMi.Ye4oKoEa3Ro9llC/.og/at2.uheWG/igi', 'ksYr2mstUx', '2023-06-27 00:13:56', '2023-06-27 00:13:56'),
	(171, 'Dr. Edwin McGlynn V', 'ellie.robel@example.org', '2023-06-27 00:13:55', '$2y$10$92IXUNpkjO0rOQ5byMi.Ye4oKoEa3Ro9llC/.og/at2.uheWG/igi', 'X9XAtsYFZQ', '2023-06-27 00:13:56', '2023-06-27 00:13:56'),
	(172, 'Flavio Keeling', 'muller.therese@example.org', '2023-06-27 00:13:55', '$2y$10$92IXUNpkjO0rOQ5byMi.Ye4oKoEa3Ro9llC/.og/at2.uheWG/igi', 'q9xkmoQiIP', '2023-06-27 00:13:56', '2023-06-27 00:13:56'),
	(173, 'Pascale Goodwin', 'swift.kiana@example.org', '2023-06-27 00:13:55', '$2y$10$92IXUNpkjO0rOQ5byMi.Ye4oKoEa3Ro9llC/.og/at2.uheWG/igi', 'uJ2xCAF0ur', '2023-06-27 00:13:56', '2023-06-27 00:13:56'),
	(174, 'Trudie Jenkins', 'gutkowski.shad@example.com', '2023-06-27 00:13:55', '$2y$10$92IXUNpkjO0rOQ5byMi.Ye4oKoEa3Ro9llC/.og/at2.uheWG/igi', 'eXqq6dseRn', '2023-06-27 00:13:56', '2023-06-27 00:13:56'),
	(175, 'Dr. Bill Emmerich', 'ibednar@example.net', '2023-06-27 00:13:55', '$2y$10$92IXUNpkjO0rOQ5byMi.Ye4oKoEa3Ro9llC/.og/at2.uheWG/igi', 'rrx5WzQoqL', '2023-06-27 00:13:56', '2023-06-27 00:13:56'),
	(176, 'Mr. Trenton Lakin II', 'stephen27@example.com', '2023-06-27 00:13:55', '$2y$10$92IXUNpkjO0rOQ5byMi.Ye4oKoEa3Ro9llC/.og/at2.uheWG/igi', 'ha3iOixTmL', '2023-06-27 00:13:56', '2023-06-27 00:13:56'),
	(177, 'Isabel Hackett PhD', 'mark10@example.org', '2023-06-27 00:13:55', '$2y$10$92IXUNpkjO0rOQ5byMi.Ye4oKoEa3Ro9llC/.og/at2.uheWG/igi', '1aXlKagog2', '2023-06-27 00:13:56', '2023-06-27 00:13:56'),
	(178, 'Domenic Nicolas', 'heathcote.rae@example.net', '2023-06-27 00:13:55', '$2y$10$92IXUNpkjO0rOQ5byMi.Ye4oKoEa3Ro9llC/.og/at2.uheWG/igi', 'hzX3nl9SnN', '2023-06-27 00:13:56', '2023-06-27 00:13:56'),
	(179, 'Alfreda Cartwright DVM', 'schowalter.loyal@example.org', '2023-06-27 00:13:55', '$2y$10$92IXUNpkjO0rOQ5byMi.Ye4oKoEa3Ro9llC/.og/at2.uheWG/igi', 'Htgn38cQb0', '2023-06-27 00:13:56', '2023-06-27 00:13:56'),
	(180, 'Ollie Boyer', 'bret17@example.net', '2023-06-27 00:13:55', '$2y$10$92IXUNpkjO0rOQ5byMi.Ye4oKoEa3Ro9llC/.og/at2.uheWG/igi', 'BWUQwYTM7k', '2023-06-27 00:13:56', '2023-06-27 00:13:56'),
	(181, 'Kimberly Lang', 'ktremblay@example.org', '2023-06-27 00:13:55', '$2y$10$92IXUNpkjO0rOQ5byMi.Ye4oKoEa3Ro9llC/.og/at2.uheWG/igi', 'rx8e69HXI1', '2023-06-27 00:13:56', '2023-06-27 00:13:56'),
	(182, 'Johann Huels DDS', 'adams.danial@example.com', '2023-06-27 00:13:55', '$2y$10$92IXUNpkjO0rOQ5byMi.Ye4oKoEa3Ro9llC/.og/at2.uheWG/igi', 'o0p4la2pDH', '2023-06-27 00:13:56', '2023-06-27 00:13:56'),
	(183, 'Justyn Schmeler', 'padberg.stacey@example.com', '2023-06-27 00:13:55', '$2y$10$92IXUNpkjO0rOQ5byMi.Ye4oKoEa3Ro9llC/.og/at2.uheWG/igi', 'bzwVYX3JKC', '2023-06-27 00:13:56', '2023-06-27 00:13:56'),
	(184, 'Fernando Boyer', 'keeley64@example.org', '2023-06-27 00:13:55', '$2y$10$92IXUNpkjO0rOQ5byMi.Ye4oKoEa3Ro9llC/.og/at2.uheWG/igi', 'hmbA9xChCQ', '2023-06-27 00:13:56', '2023-06-27 00:13:56'),
	(185, 'Verna Rice', 'rosemarie97@example.org', '2023-06-27 00:13:55', '$2y$10$92IXUNpkjO0rOQ5byMi.Ye4oKoEa3Ro9llC/.og/at2.uheWG/igi', 'Y7h7FdB0uq', '2023-06-27 00:13:56', '2023-06-27 00:13:56'),
	(186, 'Dr. Walter Lockman', 'avis04@example.com', '2023-06-27 00:13:55', '$2y$10$92IXUNpkjO0rOQ5byMi.Ye4oKoEa3Ro9llC/.og/at2.uheWG/igi', 'O0vMyy3Xzb', '2023-06-27 00:13:56', '2023-06-27 00:13:56'),
	(187, 'Giles Strosin', 'ignatius.white@example.org', '2023-06-27 00:13:55', '$2y$10$92IXUNpkjO0rOQ5byMi.Ye4oKoEa3Ro9llC/.og/at2.uheWG/igi', 'hLIiMwt8i4', '2023-06-27 00:13:56', '2023-06-27 00:13:56'),
	(188, 'Elliott Hackett IV', 'breitenberg.harmony@example.org', '2023-06-27 00:13:55', '$2y$10$92IXUNpkjO0rOQ5byMi.Ye4oKoEa3Ro9llC/.og/at2.uheWG/igi', 'cnIm9ONQVd', '2023-06-27 00:13:56', '2023-06-27 00:13:56'),
	(189, 'Dean Mertz Sr.', 'lucas.marks@example.org', '2023-06-27 00:13:55', '$2y$10$92IXUNpkjO0rOQ5byMi.Ye4oKoEa3Ro9llC/.og/at2.uheWG/igi', '7uGyh8XdK7', '2023-06-27 00:13:56', '2023-06-27 00:13:56'),
	(190, 'Henriette Conroy', 'antone.oberbrunner@example.net', '2023-06-27 00:13:55', '$2y$10$92IXUNpkjO0rOQ5byMi.Ye4oKoEa3Ro9llC/.og/at2.uheWG/igi', 'jl0CfaQzBs', '2023-06-27 00:13:56', '2023-06-27 00:13:56'),
	(191, 'Collin Dietrich', 'hking@example.com', '2023-06-27 00:13:55', '$2y$10$92IXUNpkjO0rOQ5byMi.Ye4oKoEa3Ro9llC/.og/at2.uheWG/igi', 'z5dj3x4d6I', '2023-06-27 00:13:56', '2023-06-27 00:13:56'),
	(192, 'Lee Cummings II', 'lemke.monserrate@example.com', '2023-06-27 00:13:55', '$2y$10$92IXUNpkjO0rOQ5byMi.Ye4oKoEa3Ro9llC/.og/at2.uheWG/igi', 'h8F24NUbdM', '2023-06-27 00:13:56', '2023-06-27 00:13:56'),
	(193, 'Dana Crooks', 'brenden.windler@example.com', '2023-06-27 00:13:55', '$2y$10$92IXUNpkjO0rOQ5byMi.Ye4oKoEa3Ro9llC/.og/at2.uheWG/igi', 'ua2wL8oSZy', '2023-06-27 00:13:56', '2023-06-27 00:13:56'),
	(194, 'Genesis Kuhn', 'spencer84@example.com', '2023-06-27 00:13:55', '$2y$10$92IXUNpkjO0rOQ5byMi.Ye4oKoEa3Ro9llC/.og/at2.uheWG/igi', 'CvLPalgMDA', '2023-06-27 00:13:56', '2023-06-27 00:13:56'),
	(195, 'Leatha Pfannerstill', 'gwen38@example.com', '2023-06-27 00:13:55', '$2y$10$92IXUNpkjO0rOQ5byMi.Ye4oKoEa3Ro9llC/.og/at2.uheWG/igi', 'TOnXCFSVLr', '2023-06-27 00:13:56', '2023-06-27 00:13:56'),
	(196, 'Elliot Nikolaus', 'macejkovic.tatyana@example.com', '2023-06-27 00:13:55', '$2y$10$92IXUNpkjO0rOQ5byMi.Ye4oKoEa3Ro9llC/.og/at2.uheWG/igi', 'grR4oMGiLO', '2023-06-27 00:13:56', '2023-06-27 00:13:56'),
	(197, 'Prof. Rae Renner IV', 'purdy.trystan@example.org', '2023-06-27 00:13:55', '$2y$10$92IXUNpkjO0rOQ5byMi.Ye4oKoEa3Ro9llC/.og/at2.uheWG/igi', 'VTIKXvjzvL', '2023-06-27 00:13:56', '2023-06-27 00:13:56'),
	(198, 'Stanley Harvey', 'hintz.clark@example.net', '2023-06-27 00:13:55', '$2y$10$92IXUNpkjO0rOQ5byMi.Ye4oKoEa3Ro9llC/.og/at2.uheWG/igi', 'ZYr9Go0eZA', '2023-06-27 00:13:56', '2023-06-27 00:13:56'),
	(199, 'Erin Hermann', 'ffunk@example.org', '2023-06-27 00:13:55', '$2y$10$92IXUNpkjO0rOQ5byMi.Ye4oKoEa3Ro9llC/.og/at2.uheWG/igi', 'rXanAtMCc6', '2023-06-27 00:13:56', '2023-06-27 00:13:56'),
	(200, 'Dr. Giovanna Schinner I', 'trantow.tyshawn@example.com', '2023-06-27 00:13:55', '$2y$10$92IXUNpkjO0rOQ5byMi.Ye4oKoEa3Ro9llC/.og/at2.uheWG/igi', 'AU8wUrGNxW', '2023-06-27 00:13:56', '2023-06-27 00:13:56'),
	(201, 'Santino Emard V', 'dboyle@example.com', '2023-06-27 00:13:55', '$2y$10$92IXUNpkjO0rOQ5byMi.Ye4oKoEa3Ro9llC/.og/at2.uheWG/igi', 'LvJo8A8Sjj', '2023-06-27 00:13:56', '2023-06-27 00:13:56');

/*!40103 SET TIME_ZONE=IFNULL(@OLD_TIME_ZONE, 'system') */;
/*!40101 SET SQL_MODE=IFNULL(@OLD_SQL_MODE, '') */;
/*!40014 SET FOREIGN_KEY_CHECKS=IFNULL(@OLD_FOREIGN_KEY_CHECKS, 1) */;
/*!40101 SET CHARACTER_SET_CLIENT=@OLD_CHARACTER_SET_CLIENT */;
/*!40111 SET SQL_NOTES=IFNULL(@OLD_SQL_NOTES, 1) */;
